year,paint_date,height,width,artist,artist_met,aic,louvre,orsay,met,birth1
1977,1947,152.4,101.6,"Ad Reinhardt (b. 1913, d. 1967)",,1,0,0,0,1913
1971,1962,152.4,152.4,"Ad Reinhardt (b. 1913, d. 1967)",,1,0,0,0,1913
1927-1928,1942,137.2,101.9,"Adolph Gottlieb (b. 1903, d. 1974)",,1,0,0,0,1903
1946-1947,1962,213.4,228,"Adolph Gottlieb (b. 1903, d. 1974)",,1,0,0,0,1903
1940-1942,1977,182.9,182.9,"Agnes Martin (b. 1912, d. 2004)",,1,0,0,0,1912
1946,1971,101.6,73.7,"Alice Neel (b. 1900, d. 1984)",,1,0,0,0,1900
1906,1906,81,100.6,"Andre Derain (b. 1880, d. 1954)",Andr_ Derain,0,0,1,0,1880
1927,1904,24.5,19.5,"Andre Derain (b. 1880, d. 1954)",Andr_ Derain,0,0,1,0,1880
1911,1910,54.8,76.4,"Andre Derain (b. 1880, d. 1954)",Andr_ Derain,1,0,0,0,1880
late 1920s,1922,58.75,71.4,"Andre Derain (b. 1880, d. 1954)",Andr_ Derain,1,0,0,0,1880
1930,1923,25,44.1,"Andre Derain (b. 1880, d. 1954)",Andr_ Derain,1,0,0,0,1880
1906,1923,27.6,34.9,"Andre Derain (b. 1880, d. 1954)",Andr_ Derain,1,0,0,0,1880
1880-1928,1911,227.3,288.29,"Andre Derain (b. 1880, d. 1954)",Andr_ Derain,1,0,0,0,1880
1910,1927,45.6,37,"Andre Derain (b. 1880, d. 1954)",Andr_ Derain,1,0,0,0,1880
1928,1930,37.8,55,"Andre Derain (b. 1880, d. 1954)",Andr_ Derain,1,0,0,0,1880
1882,1872,55.5,40.5,"Andre Masson (b. 1896, d. 1987)",,1,0,0,0,1896
1874,1873,60,73.5,"Andre Masson (b. 1896, d. 1987)",,1,0,0,0,1896
1876,1881,79,72,"Andre Masson (b. 1896, d. 1987)",,1,0,0,0,1896
1860,1880,16.9,21.9,"Andre Masson (b. 1896, d. 1987)",,1,0,0,0,1896
1878-1879,1882,54.5,35,"Andre Masson (b. 1896, d. 1987)",,1,0,0,0,1896
1848-1883,1874,61,50.5,"Andre Masson (b. 1896, d. 1987)",,1,0,0,0,1896
1879-1889,1876,53,64,"Andre Masson (b. 1896, d. 1987)",,1,0,0,0,1896
1873,1860,110,90,"Andre Masson (b. 1896, d. 1987)",,1,0,0,0,1896
1876,1878,77,64.5,"Andre Masson (b. 1896, d. 1987)",,1,0,0,0,1896
1863,1872,61,73.2,"Andre Masson (b. 1896, d. 1987)",,1,0,0,0,1896
1868,1884,94,73.8,"Andre Masson (b. 1896, d. 1987)",,1,0,0,0,1896
1863,1873,113,166.5,"Andre Masson (b. 1896, d. 1987)",,1,0,0,0,1896
1866,1876,27.2,35.7,"Andre Masson (b. 1896, d. 1987)",,1,0,0,0,1896
1868-1869,1863,207,265,"Andre Masson (b. 1896, d. 1987)",,1,0,0,0,1896
1869-1873,1868,146,114,"Andre Masson (b. 1896, d. 1987)",,1,0,0,0,1896
1877,1863,130.5,191,"Andre Masson (b. 1896, d. 1987)",,1,0,0,0,1896
1882,1866,160.5,97,"Andre Masson (b. 1896, d. 1987)",,1,0,0,0,1896
1880,1868,170,125,"Andre Masson (b. 1896, d. 1987)",,1,0,0,0,1896
1878,1871,42,94,"Andre Masson (b. 1896, d. 1987)",,1,0,0,0,1896
1864,1877,182,110,"Andre Masson (b. 1896, d. 1987)",,1,0,0,0,1896
1872,1882,56,35.5,"Andre Masson (b. 1896, d. 1987)",,1,0,0,0,1896
1864,1880,14,22,"Andre Masson (b. 1896, d. 1987)",,1,0,0,0,1896
1869,1878,65.2,52,"Andre Masson (b. 1896, d. 1987)",,1,0,0,0,1896
1865,1864,93.3,70,"Andre Masson (b. 1896, d. 1987)",,1,0,0,0,1896
1865-1866,1872,60.4,45.2,"Andre Masson (b. 1896, d. 1987)",,1,0,0,0,1896
1862,1864,45,73.5,"Andre Masson (b. 1896, d. 1987)",,1,0,0,0,1896
1864,1869,81.5,101,"Andre Masson (b. 1896, d. 1987)",,1,0,0,0,1896
1864,1865,92,73.5,"Andre Masson (b. 1896, d. 1987)",,1,0,0,0,1896
1868,1865,90,111,"Andre Masson (b. 1896, d. 1987)",,1,0,0,0,1896
1864,1862,123,92,"Andre Masson (b. 1896, d. 1987)",,1,0,0,0,1896
1870,1864,55.6,46,"Andre Masson (b. 1896, d. 1987)",,1,0,0,0,1896
1904,1864,30.5,46.5,"Andre Masson (b. 1896, d. 1987)",,1,0,0,0,1896
1936-1938,1868,38.5,46.5,"Andre Masson (b. 1896, d. 1987)",,1,0,0,0,1896
1918,1864,38,46,"Andre Masson (b. 1896, d. 1987)",,1,0,0,0,1896
1927,1870,98,128,"Andre Masson (b. 1896, d. 1987)",,1,0,0,0,1896
1950,1927,49.5,36.2,"Arshile Gorky (b. 1904, d. 1948)",,1,0,0,0,1904
1877,1946,134.2,155.7,"Arshile Gorky (b. 1904, d. 1948)",,1,0,0,0,1904
1877,1941,91.4,121.3,"Arshile Gorky (b. 1904, d. 1948)",,1,0,0,0,1904
1888,1946,101.6,75.6,"Barnett Newman (b. 1905, d. 1970)",,1,0,0,0,1905
1873,1950,142.2,7.6,"Barnett Newman (b. 1905, d. 1970)",,1,0,0,0,1905
1882,1866,91.8,150.2,"Camille Pissarro (b. 1830, d. 1903)",Camille Pissarro,1,0,0,0,1830
1892,1879,59.2,72.3,"Camille Pissarro (b. 1830, d. 1903)",Camille Pissarro,1,0,0,0,1830
1871,1870,32.3,47.5,"Camille Pissarro (b. 1830, d. 1903)",Camille Pissarro,1,0,0,0,1830
1894-1895,1881,65.3,54.8,"Camille Pissarro (b. 1830, d. 1903)",Camille Pissarro,1,0,0,0,1830
1893,1882,81.5,66.4,"Camille Pissarro (b. 1830, d. 1903)",Camille Pissarro,1,0,0,0,1830
1895,1892,65.5,81.3,"Camille Pissarro (b. 1830, d. 1903)",Camille Pissarro,1,0,0,0,1830
1884,1871,47.2,73.5,"Camille Pissarro (b. 1830, d. 1903)",Camille Pissarro,1,0,0,0,1830
1877,1894,73,92,"Camille Pissarro (b. 1830, d. 1903)",Camille Pissarro,1,0,0,0,1830
1886,1893,60.1,73.5,"Camille Pissarro (b. 1830, d. 1903)",Camille Pissarro,1,0,0,0,1830
1872,1895,65.4,54.5,"Camille Pissarro (b. 1830, d. 1903)",Camille Pissarro,1,0,0,0,1830
1903,1877,54,65,"Camille Pissarro (b. 1830, d. 1903)",Camille Pissarro,0,0,1,0,1830
1877,1877,81.5,65.8,"Camille Pissarro (b. 1830, d. 1903)",Camille Pissarro,0,0,1,0,1830
1874,1888,93,92.5,"Camille Pissarro (b. 1830, d. 1903)",Camille Pissarro,0,0,1,0,1830
1873,1873,60,73,"Camille Pissarro (b. 1830, d. 1903)",Camille Pissarro,0,0,1,0,1830
1892,1903,46.5,55,"Camille Pissarro (b. 1830, d. 1903)",Camille Pissarro,0,0,1,0,1830
1859,1877,55,46,"Camille Pissarro (b. 1830, d. 1903)",Camille Pissarro,0,0,1,0,1830
1902,1874,55.5,92,"Camille Pissarro (b. 1830, d. 1903)",Camille Pissarro,0,0,1,0,1830
1879,1873,65.5,93.2,"Camille Pissarro (b. 1830, d. 1903)",Camille Pissarro,0,0,1,0,1830
1897,1892,46,55,"Camille Pissarro (b. 1830, d. 1903)",Camille Pissarro,0,0,1,0,1830
1897,1859,21.5,27.2,"Camille Pissarro (b. 1830, d. 1903)",Camille Pissarro,0,0,1,0,1830
1896,1902,INA,INA,"Camille Pissarro (b. 1830, d. 1903)",Camille Pissarro,0,0,1,0,1830
1902,1879,41,54,"Camille Pissarro (b. 1830, d. 1903)",Camille Pissarro,0,0,1,0,1830
1900,1897,60,73.5,"Camille Pissarro (b. 1830, d. 1903)",Camille Pissarro,0,0,1,0,1830
1894,1897,54.5,65,"Camille Pissarro (b. 1830, d. 1903)",Camille Pissarro,0,0,1,0,1830
1893,1896,65.5,92.2,"Camille Pissarro (b. 1830, d. 1903)",Camille Pissarro,0,0,1,0,1830
1887,1902,54.5,65,"Camille Pissarro (b. 1830, d. 1903)",Camille Pissarro,0,0,1,0,1830
1887,1900,65.5,81,"Camille Pissarro (b. 1830, d. 1903)",Camille Pissarro,0,0,1,0,1830
1870,1894,54.5,65.5,"Camille Pissarro (b. 1830, d. 1903)",Camille Pissarro,0,0,1,0,1830
1864,1893,65.5,54.5,"Camille Pissarro (b. 1830, d. 1903)",Camille Pissarro,0,0,1,0,1830
1872,1887,41,33,"Camille Pissarro (b. 1830, d. 1903)",Camille Pissarro,0,0,1,0,1830
1870,1887,54.5,65,"Camille Pissarro (b. 1830, d. 1903)",Camille Pissarro,0,0,1,0,1830
1877,1870,46.5,55,"Camille Pissarro (b. 1830, d. 1903)",Camille Pissarro,0,0,1,0,1830
1880,1864,27,41,"Camille Pissarro (b. 1830, d. 1903)",Camille Pissarro,0,0,1,0,1830
1879,1872,52,81,"Camille Pissarro (b. 1830, d. 1903)",Camille Pissarro,0,0,1,0,1830
1878,1870,37,46,"Camille Pissarro (b. 1830, d. 1903)",Camille Pissarro,0,0,1,0,1830
1872,1877,46.4,55,"Camille Pissarro (b. 1830, d. 1903)",Camille Pissarro,0,0,1,0,1830
1871,1880,54.5,65,"Camille Pissarro (b. 1830, d. 1903)",Camille Pissarro,0,0,1,0,1830
1870,1879,55,65.5,"Camille Pissarro (b. 1830, d. 1903)",Camille Pissarro,0,0,1,0,1830
1885,1878,54.5,65.5,"Camille Pissarro (b. 1830, d. 1903)",Camille Pissarro,0,0,1,0,1830
1881,1872,59.8,73.5,"Camille Pissarro (b. 1830, d. 1903)",Camille Pissarro,0,0,1,0,1830
1901,1871,43.5,65.5,"Camille Pissarro (b. 1830, d. 1903)",Camille Pissarro,0,0,1,0,1830
1877,1870,46,55.5,"Camille Pissarro (b. 1830, d. 1903)",Camille Pissarro,0,0,1,0,1830
1896,1885,73,60.5,"Camille Pissarro (b. 1830, d. 1903)",Camille Pissarro,0,0,1,0,1830
1894,1881,81,64.8,"Camille Pissarro (b. 1830, d. 1903)",Camille Pissarro,0,0,1,0,1830
1881,1901,54.5,65.5,"Camille Pissarro (b. 1830, d. 1903)",Camille Pissarro,0,0,1,0,1830
1879,1877,65.5,81,"Camille Pissarro (b. 1830, d. 1903)",Camille Pissarro,0,0,1,0,1830
1876,1896,54,65,"Camille Pissarro (b. 1830, d. 1903)",Camille Pissarro,0,0,1,0,1830
1873,1894,73.5,92,"Camille Pissarro (b. 1830, d. 1903)",Camille Pissarro,0,0,1,0,1830
1872,1881,53.5,64.5,"Camille Pissarro (b. 1830, d. 1903)",Camille Pissarro,0,0,1,0,1830
1872,1879,54,65,"Camille Pissarro (b. 1830, d. 1903)",Camille Pissarro,0,0,1,0,1830
1872,1876,65,92.5,"Camille Pissarro (b. 1830, d. 1903)",Camille Pissarro,0,0,1,0,1830
1870,1873,55.5,46,"Camille Pissarro (b. 1830, d. 1903)",Camille Pissarro,0,0,1,0,1830
1866,1872,46.5,56,"Camille Pissarro (b. 1830, d. 1903)",Camille Pissarro,0,0,1,0,1830
1879,1872,40.5,54.5,"Camille Pissarro (b. 1830, d. 1903)",Camille Pissarro,0,0,1,0,1830
1870,1872,46,55.5,"Camille Pissarro (b. 1830, d. 1903)",Camille Pissarro,0,0,1,0,1830
1881,1870,25.5,35.7,"Camille Pissarro (b. 1830, d. 1903)",Camille Pissarro,0,0,1,0,1830
1926,1926,97.5,63.3,"Chaim Soutine (b. 1893, d. 1943)",Chaim Soutine,1,0,0,0,1893
1923,1923,60.5,73,"Chaim Soutine (b. 1893, d. 1943)",Chaim Soutine,1,0,0,0,1893
1901,1890,61.2,93.4,"Claude Monet (b. 1840, d. 1926)",Claude Monet,1,0,0,0,1840
1901,1915,200,200.7,"Claude Monet (b. 1840, d. 1926)",Claude Monet,1,0,0,0,1840
1880,1867,75.8,102.5,"Claude Monet (b. 1840, d. 1926)",Claude Monet,1,0,0,0,1840
1890-1891,1890,65.8,101,"Claude Monet (b. 1840, d. 1926)",Claude Monet,1,0,0,0,1840
1897,1901,90.2,93.4,"Claude Monet (b. 1840, d. 1926)",Claude Monet,1,0,0,0,1840
1877,1901,65,92.2,"Claude Monet (b. 1840, d. 1926)",Claude Monet,1,0,0,0,1840
1901,1880,66.5,82.5,"Claude Monet (b. 1840, d. 1926)",Claude Monet,1,0,0,0,1840
1900-1901,1890,66,93,"Claude Monet (b. 1840, d. 1926)",Claude Monet,1,0,0,0,1840
1886,1897,89.9,92.7,"Claude Monet (b. 1840, d. 1926)",Claude Monet,1,0,0,0,1840
1885,1877,60.3,80.2,"Claude Monet (b. 1840, d. 1926)",Claude Monet,1,0,0,0,1840
1884,1901,90,93,"Claude Monet (b. 1840, d. 1926)",Claude Monet,1,0,0,0,1840
1868,1900,81.2,92.8,"Claude Monet (b. 1840, d. 1926)",Claude Monet,1,0,0,0,1840
1890-1891,1886,66,81.8,"Claude Monet (b. 1840, d. 1926)",Claude Monet,1,0,0,0,1840
1895,1885,66,82.3,"Claude Monet (b. 1840, d. 1926)",Claude Monet,1,0,0,0,1840
1900,1884,65,80.8,"Claude Monet (b. 1840, d. 1926)",Claude Monet,1,0,0,0,1840
1917-1919,1868,81.5,100.7,"Claude Monet (b. 1840, d. 1926)",Claude Monet,1,0,0,0,1840
1900,1890,65.3,100.4,"Claude Monet (b. 1840, d. 1926)",Claude Monet,1,0,0,0,1840
1890-1891,1895,73.4,92.5,"Claude Monet (b. 1840, d. 1926)",Claude Monet,1,0,0,0,1840
1890-1891,1900,89.8,101,"Claude Monet (b. 1840, d. 1926)",Claude Monet,1,0,0,0,1840
1890-1891,1918,130.2,201.9,"Claude Monet (b. 1840, d. 1926)",Claude Monet,1,0,0,0,1840
1885,1900,65.4,92.6,"Claude Monet (b. 1840, d. 1926)",Claude Monet,1,0,0,0,1840
1903,1890,65.8,92.3,"Claude Monet (b. 1840, d. 1926)",Claude Monet,1,0,0,0,1840
1906,1890,60,100.5,"Claude Monet (b. 1840, d. 1926)",Claude Monet,1,0,0,0,1840
1897,1890,64.4,92.5,"Claude Monet (b. 1840, d. 1926)",Claude Monet,1,0,0,0,1840
1908,1885,69.3,66.1,"Claude Monet (b. 1840, d. 1926)",Claude Monet,1,0,0,0,1840
1882,1903,65.7,101,"Claude Monet (b. 1840, d. 1926)",Claude Monet,1,0,0,0,1840
1889,1906,89.9,94.1,"Claude Monet (b. 1840, d. 1926)",Claude Monet,1,0,0,0,1840
1885,1897,65.6,92.8,"Claude Monet (b. 1840, d. 1926)",Claude Monet,1,0,0,0,1840
1873,1908,66.2,81.8,"Claude Monet (b. 1840, d. 1926)",Claude Monet,1,0,0,0,1840
1951-1952,1882,66.5,82.3,"Claude Monet (b. 1840, d. 1926)",Claude Monet,1,0,0,0,1840
1958,1889,65.9,93.1,"Claude Monet (b. 1840, d. 1926)",Claude Monet,1,0,0,0,1840
1879-1886,1885,73.5,93.5,"Claude Monet (b. 1840, d. 1926)",Claude Monet,1,0,0,0,1840
1866-1870,1873,60.2,73.3,"Claude Monet (b. 1840, d. 1926)",Claude Monet,1,0,0,0,1840
1866,1884,116.5,136.5,"Claude Monet (b. 1840, d. 1926)",Claude Monet,0,0,1,0,1840
1880,1877,75,105,"Claude Monet (b. 1840, d. 1926)",Claude Monet,0,0,1,0,1840
1891,1886,65.5,81.5,"Claude Monet (b. 1840, d. 1926)",Claude Monet,0,0,1,0,1840
1885,1872,48,75.3,"Claude Monet (b. 1840, d. 1926)",Claude Monet,0,0,1,0,1840
1875,1866,25.5,20.5,"Claude Monet (b. 1840, d. 1926)",Claude Monet,0,0,1,0,1840
1865-1866,1880,60.5,99.5,"Claude Monet (b. 1840, d. 1926)",Claude Monet,0,0,1,0,1840
1878,1891,100,74,"Claude Monet (b. 1840, d. 1926)",Claude Monet,0,0,1,0,1840
1865-1866,1885,65.5,81.5,"Claude Monet (b. 1840, d. 1926)",Claude Monet,0,0,1,0,1840
1874,1875,54,65.5,"Claude Monet (b. 1840, d. 1926)",Claude Monet,0,0,1,0,1840
1916-1919,1865,248.7,218,"Claude Monet (b. 1840, d. 1926)",Claude Monet,0,0,1,0,1840
1872,1878,81,50,"Claude Monet (b. 1840, d. 1926)",Claude Monet,0,0,1,0,1840
1870,1865,418,150,"Claude Monet (b. 1840, d. 1926)",Claude Monet,0,0,1,0,1840
1868-1869,1874,60.3,80,"Claude Monet (b. 1840, d. 1926)",Claude Monet,0,0,1,0,1840
1920-1922,1917,204,200,"Claude Monet (b. 1840, d. 1926)",Claude Monet,0,0,1,0,1840
1869,1872,50,65.3,"Claude Monet (b. 1840, d. 1926)",Claude Monet,0,0,1,0,1840
1872,1870,81,58,"Claude Monet (b. 1840, d. 1926)",Claude Monet,0,0,1,0,1840
1882,1868,89,130,"Claude Monet (b. 1840, d. 1926)",Claude Monet,0,0,1,0,1840
1880,1921,110,110,"Claude Monet (b. 1840, d. 1926)",Claude Monet,0,0,1,0,1840
1881,1869,43.4,65.3,"Claude Monet (b. 1840, d. 1926)",Claude Monet,0,0,1,0,1840
1881,1872,48,72,"Claude Monet (b. 1840, d. 1926)",Claude Monet,0,0,1,0,1840
1886,1882,54.5,80,"Claude Monet (b. 1840, d. 1926)",Claude Monet,0,0,1,0,1840
1879-1880,1880,72.5,99.5,"Claude Monet (b. 1840, d. 1926)",Claude Monet,0,0,1,0,1840
1873,1881,33.1,39.3,"Claude Monet (b. 1840, d. 1926)",Claude Monet,0,0,1,0,1840
1881,1881,33,39.5,"Claude Monet (b. 1840, d. 1926)",Claude Monet,0,0,1,0,1840
1880,1886,65.5,81.5,"Claude Monet (b. 1840, d. 1926)",Claude Monet,0,0,1,0,1840
1879,1879,43.5,70.5,"Claude Monet (b. 1840, d. 1926)",Claude Monet,0,0,1,0,1840
1878,1873,503,61.4,"Claude Monet (b. 1840, d. 1926)",Claude Monet,0,0,1,0,1840
1883,1881,14.4,22.5,"Claude Monet (b. 1840, d. 1926)",Claude Monet,0,0,1,0,1840
1872,1880,46,38,"Claude Monet (b. 1840, d. 1926)",Claude Monet,0,0,1,0,1840
1879,1879,65.5,50.5,"Claude Monet (b. 1840, d. 1926)",Claude Monet,0,0,1,0,1840
1895,1878,54.3,65.2,"Claude Monet (b. 1840, d. 1926)",Claude Monet,0,0,1,0,1840
1880,1883,66,81.2,"Claude Monet (b. 1840, d. 1926)",Claude Monet,0,0,1,0,1840
1887,1872,50,65,"Claude Monet (b. 1840, d. 1926)",Claude Monet,0,0,1,0,1840
1891,1879,90,68,"Claude Monet (b. 1840, d. 1926)",Claude Monet,0,0,1,0,1840
1900,1895,65.5,100.5,"Claude Monet (b. 1840, d. 1926)",Claude Monet,0,0,1,0,1840
1877,1880,60.5,99.5,"Claude Monet (b. 1840, d. 1926)",Claude Monet,0,0,1,0,1840
1868,1887,97.5,130.5,"Claude Monet (b. 1840, d. 1926)",Claude Monet,0,0,1,0,1840
1873,1891,60.5,100.8,"Claude Monet (b. 1840, d. 1926)",Claude Monet,0,0,1,0,1840
1904,1900,81.6,92.6,"Claude Monet (b. 1840, d. 1926)",Claude Monet,0,0,1,0,1840
1875,1877,174,172.5,"Claude Monet (b. 1840, d. 1926)",Claude Monet,0,0,1,0,1840
1872,1868,216.5,138.5,"Claude Monet (b. 1840, d. 1926)",Claude Monet,0,0,1,0,1840
1873,1873,160,201,"Claude Monet (b. 1840, d. 1926)",Claude Monet,0,0,1,0,1840
1862,1904,81.5,92.5,"Claude Monet (b. 1840, d. 1926)",Claude Monet,0,0,1,0,1840
1867,1875,81.5,60,"Claude Monet (b. 1840, d. 1926)",Claude Monet,0,0,1,0,1840
1870,1872,60,81,"Claude Monet (b. 1840, d. 1926)",Claude Monet,0,0,1,0,1840
1885,1873,50,65.3,"Claude Monet (b. 1840, d. 1926)",Claude Monet,0,0,1,0,1840
1861,1862,104,75,"Claude Monet (b. 1840, d. 1926)",Claude Monet,0,0,1,0,1840
1897,1867,65,93,"Claude Monet (b. 1840, d. 1926)",Claude Monet,0,0,1,0,1840
1879,1870,50,65.3,"Claude Monet (b. 1840, d. 1926)",Claude Monet,0,0,1,0,1840
1890,1885,65.5,81,"Claude Monet (b. 1840, d. 1926)",Claude Monet,0,0,1,0,1840
1900,1861,76,62.5,"Claude Monet (b. 1840, d. 1926)",Claude Monet,0,0,1,0,1840
1897,1897,65,100,"Claude Monet (b. 1840, d. 1926)",Claude Monet,0,0,1,0,1840
1893,1879,80.3,60,"Claude Monet (b. 1840, d. 1926)",Claude Monet,0,0,1,0,1840
1892,1890,65.5,92.5,"Claude Monet (b. 1840, d. 1926)",Claude Monet,0,0,1,0,1840
1893,1900,90,93,"Claude Monet (b. 1840, d. 1926)",Claude Monet,0,0,1,0,1840
1892,1897,73.2,93,"Claude Monet (b. 1840, d. 1926)",Claude Monet,0,0,1,0,1840
1893,1893,106.5,73.2,"Claude Monet (b. 1840, d. 1926)",Claude Monet,0,0,1,0,1840
1879-1879,1892,100.2,65.4,"Claude Monet (b. 1840, d. 1926)",Claude Monet,0,0,1,0,1840
1879,1893,92.2,63,"Claude Monet (b. 1840, d. 1926)",Claude Monet,0,0,1,0,1840
1886,1892,107,74,"Claude Monet (b. 1840, d. 1926)",Claude Monet,0,0,1,0,1840
1886,1893,107,73.5,"Claude Monet (b. 1840, d. 1926)",Claude Monet,0,0,1,0,1840
1886,1878,52.5,71,"Claude Monet (b. 1840, d. 1926)",Claude Monet,0,0,1,0,1840
1899,1879,60.5,81.5,"Claude Monet (b. 1840, d. 1926)",Claude Monet,0,0,1,0,1840
1900,1886,130.5,89.3,"Claude Monet (b. 1840, d. 1926)",Claude Monet,0,0,1,0,1840
1917,1886,131,88.7,"Claude Monet (b. 1840, d. 1926)",Claude Monet,0,0,1,0,1840
1875,1886,65.4,81.5,"Claude Monet (b. 1840, d. 1926)",Claude Monet,0,0,1,0,1840
1872,1899,89.5,92.5,"Claude Monet (b. 1840, d. 1926)",Claude Monet,0,0,1,0,1840
1874,1900,90,100.5,"Claude Monet (b. 1840, d. 1926)",Claude Monet,0,0,1,0,1840
1872-1873,1917,70.5,55,"Claude Monet (b. 1840, d. 1926)",Claude Monet,0,0,1,0,1840
1871,1875,50,75.5,"Claude Monet (b. 1840, d. 1926)",Claude Monet,0,0,1,0,1840
1871-1872,1872,53,72,"Claude Monet (b. 1840, d. 1926)",Claude Monet,0,0,1,0,1840
1872-1873,1874,60.5,105,"Claude Monet (b. 1840, d. 1926)",Claude Monet,0,0,1,0,1840
1873-1874,1872,49.2,65,"Claude Monet (b. 1840, d. 1926)",Claude Monet,0,0,1,0,1840
1879,1871,47.8,73,"Claude Monet (b. 1840, d. 1926)",Claude Monet,0,0,1,0,1840
1872,1871,48,75,"Claude Monet (b. 1840, d. 1926)",Claude Monet,0,0,1,0,1840
1868-1869,1872,50.2,65.2,"Claude Monet (b. 1840, d. 1926)",Claude Monet,0,0,1,0,1840
1865,1873,54,71,"Claude Monet (b. 1840, d. 1926)",Claude Monet,0,0,1,0,1840
1874,1879,60,73.5,"Claude Monet (b. 1840, d. 1926)",Claude Monet,0,0,1,0,1840
1861,1872,61,81,"Claude Monet (b. 1840, d. 1926)",Claude Monet,0,0,1,0,1840
1863,1868,66.2,130.5,"Claude Monet (b. 1840, d. 1926)",Claude Monet,0,0,1,0,1840
1871,1865,43.5,59.3,"Claude Monet (b. 1840, d. 1926)",Claude Monet,0,0,1,0,1840
1866,1874,24,33,"Claude Monet (b. 1840, d. 1926)",Claude Monet,0,0,1,0,1840
1890-1891,1861,180,130,"Claude Monet (b. 1840, d. 1926)",Claude Monet,0,0,1,0,1840
1914-1917,1863,65.2,81.5,"Claude Monet (b. 1840, d. 1926)",Claude Monet,0,0,1,0,1840
1867,1871,48.2,74.5,"Claude Monet (b. 1840, d. 1926)",Claude Monet,0,0,1,0,1840
1890-1891,1866,64.8,53.8,"Claude Monet (b. 1840, d. 1926)",Claude Monet,0,0,1,0,1840
1874-1876,1951,301.8,296.2,"Clyfford Still (b. 1904, d. 1980)",,1,0,0,0,1904
1879,1958,290.2,406.4,"Clyfford Still (b. 1904, d. 1980)",,1,0,0,0,1904
1860,1882,100,110.7,"Edgar Degas (b. 1834, d. 1917)",Edgar Degas,1,0,0,0,1834
1875-1876,1868,84,96.6,"Edgar Degas (b. 1834, d. 1917)",Edgar Degas,1,0,0,0,1834
1879,1875,73.5,59.5,"Edgar Degas (b. 1834, d. 1917)",Edgar Degas,1,0,0,0,1834
1876-1877,1879,53.5,41.8,"Edgar Degas (b. 1834, d. 1917)",Edgar Degas,1,0,0,0,1834
1892,1860,97.4,140,"Edgar Degas (b. 1834, d. 1917)",Edgar Degas,1,0,0,0,1834
1875,1875,99.8,119.9,"Edgar Degas (b. 1834, d. 1917)",Edgar Degas,1,0,0,0,1834
1861,1879,85.7,75.3,"Edgar Degas (b. 1834, d. 1917)",Edgar Degas,1,0,0,0,1834
1870-1872,1876,71,81,"Edgar Degas (b. 1834, d. 1917)",Edgar Degas,0,0,1,0,1834
1855,1892,50.7,65.5,"Edgar Degas (b. 1834, d. 1917)",Edgar Degas,0,0,1,0,1834
1856-1858,1875,76,85.5,"Edgar Degas (b. 1834, d. 1917)",Edgar Degas,0,0,1,0,1834
1880-1895,1861,26.2,40.5,"Edgar Degas (b. 1834, d. 1917)",Edgar Degas,0,0,1,0,1834
1857,1871,15,21,"Edgar Degas (b. 1834, d. 1917)",Edgar Degas,0,0,1,0,1834
1890,1855,29.3,21.1,"Edgar Degas (b. 1834, d. 1917)",Edgar Degas,0,0,1,0,1834
1886-1890,1857,29.2,21.2,"Edgar Degas (b. 1834, d. 1917)",Edgar Degas,0,0,1,0,1834
1863,1887,52.2,67.5,"Edgar Degas (b. 1834, d. 1917)",Edgar Degas,0,0,1,0,1834
1866-1868,1857,25.7,20.8,"Edgar Degas (b. 1834, d. 1917)",Edgar Degas,0,0,1,0,1834
1870,1890,85.3,75.3,"Edgar Degas (b. 1834, d. 1917)",Edgar Degas,0,0,1,0,1834
1858-1869,1888,32.4,23.2,"Edgar Degas (b. 1834, d. 1917)",Edgar Degas,0,0,1,0,1834
1874,1863,89.5,66.7,"Edgar Degas (b. 1834, d. 1917)",Edgar Degas,0,0,1,0,1834
1873-1876,1867,46,61,"Edgar Degas (b. 1834, d. 1917)",Edgar Degas,0,0,1,0,1834
1875-1876,1870,55.6,46,"Edgar Degas (b. 1834, d. 1917)",Edgar Degas,0,0,1,0,1834
1878-1879,1863,201,249.5,"Edgar Degas (b. 1834, d. 1917)",Edgar Degas,0,0,1,0,1834
1884-1886,1874,65,81.5,"Edgar Degas (b. 1834, d. 1917)",Edgar Degas,0,0,1,0,1834
1891,1874,85.5,75,"Edgar Degas (b. 1834, d. 1917)",Edgar Degas,0,0,1,0,1834
1879,1875,92,68.5,"Edgar Degas (b. 1834, d. 1917)",Edgar Degas,0,0,1,0,1834
1867,1878,100.5,81.5,"Edgar Degas (b. 1834, d. 1917)",Edgar Degas,0,0,1,0,1834
1889,1885,76,81.4,"Edgar Degas (b. 1834, d. 1917)",Edgar Degas,0,0,1,0,1834
1868,1891,151.5,258,"Edgar Degas (b. 1834, d. 1917)",Edgar Degas,0,0,1,0,1834
1856,1879,46,66.3,"Edgar Degas (b. 1834, d. 1917)",Edgar Degas,0,0,1,0,1834
1858-1860,1867,27,22,"Edgar Degas (b. 1834, d. 1917)",Edgar Degas,0,0,1,0,1834
1865,1889,70.2,70.2,"Edgar Degas (b. 1834, d. 1917)",Edgar Degas,0,0,1,0,1834
1868-1869,1868,59.5,46.5,"Edgar Degas (b. 1834, d. 1917)",Edgar Degas,0,0,1,0,1834
1869-1872,1856,26.5,22.9,"Edgar Degas (b. 1834, d. 1917)",Edgar Degas,0,0,1,0,1834
1859-1860,1859,27,22,"Edgar Degas (b. 1834, d. 1917)",Edgar Degas,0,0,1,0,1834
1857,1865,83.5,148.5,"Edgar Degas (b. 1834, d. 1917)",Edgar Degas,0,0,1,0,1834
1855,1868,50.5,61.5,"Edgar Degas (b. 1834, d. 1917)",Edgar Degas,0,0,1,0,1834
1871-1872,1870,40.5,32.5,"Edgar Degas (b. 1834, d. 1917)",Edgar Degas,0,0,1,0,1834
1865,1859,38.2,46.4,"Edgar Degas (b. 1834, d. 1917)",Edgar Degas,0,0,1,0,1834
1858-1860,1857,53,41,"Edgar Degas (b. 1834, d. 1917)",Edgar Degas,0,0,1,0,1834
1862,1855,81.5,65,"Edgar Degas (b. 1834, d. 1917)",Edgar Degas,0,0,1,0,1834
1871,1871,54.5,39.5,"Edgar Degas (b. 1834, d. 1917)",Edgar Degas,0,0,1,0,1834
1872,1865,116.5,89.5,"Edgar Degas (b. 1834, d. 1917)",Edgar Degas,0,0,1,0,1834
1873,1859,79.8,54.3,"Edgar Degas (b. 1834, d. 1917)",Edgar Degas,0,0,1,0,1834
1872,1862,48.5,61.5,"Edgar Degas (b. 1834, d. 1917)",Edgar Degas,0,0,1,0,1834
1876-1887,1871,38,46,"Edgar Degas (b. 1834, d. 1917)",Edgar Degas,0,0,1,0,1834
1886-1890,1872,32.7,46.3,"Edgar Degas (b. 1834, d. 1917)",Edgar Degas,0,0,1,0,1834
1911-1923,1873,61.5,46.5,"Edgar Degas (b. 1834, d. 1917)",Edgar Degas,0,0,1,0,1834
1908-1909,1872,65,54,"Edgar Degas (b. 1834, d. 1917)",Edgar Degas,0,0,1,0,1834
1910,1881,65.2,81.2,"Edgar Degas (b. 1834, d. 1917)",Edgar Degas,0,0,1,0,1834
1920-1925,1888,39,89.5,"Edgar Degas (b. 1834, d. 1917)",Edgar Degas,0,0,1,0,1834
1865-1866,1866,187.7,109.9,"Edouard Manet (b. 1832, d. 1883)",_douard Manet,1,0,0,0,1832
1864,1864,73.6,92.6,"Edouard Manet (b. 1832, d. 1883)",_douard Manet,1,0,0,0,1832
1862-1872,1865,190.8,148.3,"Edouard Manet (b. 1832, d. 1883)",_douard Manet,1,0,0,0,1832
1865-1867,1879,61.2,50.7,"Edouard Manet (b. 1832, d. 1883)",_douard Manet,1,0,0,0,1832
1878,1865,48,60.4,"Edouard Manet (b. 1832, d. 1883)",_douard Manet,1,0,0,0,1832
1866,1864,73.4,92.1,"Edouard Manet (b. 1832, d. 1883)",_douard Manet,1,0,0,0,1832
1923,1867,61.8,54.3,"Edouard Manet (b. 1832, d. 1883)",_douard Manet,1,0,0,0,1832
1938,1866,187.3,108,"Edouard Manet (b. 1832, d. 1883)",_douard Manet,1,0,0,0,1832
1911-1912,1878,61.3,50.7,"Edouard Manet (b. 1832, d. 1883)",_douard Manet,1,0,0,0,1832
1927,1866,43.9,84.5,"Edouard Manet (b. 1832, d. 1883)",_douard Manet,1,0,0,0,1832
1882,1872,55.5,40.5,"Edouard Manet (b. 1832, d. 1883)",_douard Manet,0,0,1,0,1832
1874,1873,60,73.5,"Edouard Manet (b. 1832, d. 1883)",_douard Manet,0,0,1,0,1832
1876,1881,79,72,"Edouard Manet (b. 1832, d. 1883)",_douard Manet,0,0,1,0,1832
1860,1880,16.9,21.9,"Edouard Manet (b. 1832, d. 1883)",_douard Manet,0,0,1,0,1832
1878-1879,1882,54.5,35,"Edouard Manet (b. 1832, d. 1883)",_douard Manet,0,0,1,0,1832
1848-1883,1874,61,50.5,"Edouard Manet (b. 1832, d. 1883)",_douard Manet,0,0,1,0,1832
1879-1889,1876,53,64,"Edouard Manet (b. 1832, d. 1883)",_douard Manet,0,0,1,0,1832
1873,1860,110,90,"Edouard Manet (b. 1832, d. 1883)",_douard Manet,0,0,1,0,1832
1876,1878,77,64.5,"Edouard Manet (b. 1832, d. 1883)",_douard Manet,0,0,1,0,1832
1863,1872,61,73.2,"Edouard Manet (b. 1832, d. 1883)",_douard Manet,0,0,1,0,1832
1868,1874,94,73.8,"Edouard Manet (b. 1832, d. 1883)",_douard Manet,0,0,1,0,1832
1863,1873,113,166.5,"Edouard Manet (b. 1832, d. 1883)",_douard Manet,0,0,1,0,1832
1866,1876,27.2,35.7,"Edouard Manet (b. 1832, d. 1883)",_douard Manet,0,0,1,0,1832
1868-1869,1863,207,265,"Edouard Manet (b. 1832, d. 1883)",_douard Manet,0,0,1,0,1832
1869-1873,1868,146,114,"Edouard Manet (b. 1832, d. 1883)",_douard Manet,0,0,1,0,1832
1877,1863,130.5,191,"Edouard Manet (b. 1832, d. 1883)",_douard Manet,0,0,1,0,1832
1882,1866,160.5,97,"Edouard Manet (b. 1832, d. 1883)",_douard Manet,0,0,1,0,1832
1880,1868,170,125,"Edouard Manet (b. 1832, d. 1883)",_douard Manet,0,0,1,0,1832
1878,1871,42,94,"Edouard Manet (b. 1832, d. 1883)",_douard Manet,0,0,1,0,1832
1864,1877,182,110,"Edouard Manet (b. 1832, d. 1883)",_douard Manet,0,0,1,0,1832
1872,1882,56,35.5,"Edouard Manet (b. 1832, d. 1883)",_douard Manet,0,0,1,0,1832
1864,1880,14,22,"Edouard Manet (b. 1832, d. 1883)",_douard Manet,0,0,1,0,1832
1869,1878,65.2,52,"Edouard Manet (b. 1832, d. 1883)",_douard Manet,0,0,1,0,1832
1865,1864,93.3,70,"Edouard Manet (b. 1832, d. 1883)",_douard Manet,0,0,1,0,1832
1865-1866,1872,60.4,45.2,"Edouard Manet (b. 1832, d. 1883)",_douard Manet,0,0,1,0,1832
1862,1864,45,73.5,"Edouard Manet (b. 1832, d. 1883)",_douard Manet,0,0,1,0,1832
1864,1869,81.5,101,"Edouard Manet (b. 1832, d. 1883)",_douard Manet,0,0,1,0,1832
1864,1865,92,73.5,"Edouard Manet (b. 1832, d. 1883)",_douard Manet,0,0,1,0,1832
1868,1865,90,111,"Edouard Manet (b. 1832, d. 1883)",_douard Manet,0,0,1,0,1832
1864,1862,123,92,"Edouard Manet (b. 1832, d. 1883)",_douard Manet,0,0,1,0,1832
1870,1864,55.6,46,"Edouard Manet (b. 1832, d. 1883)",_douard Manet,0,0,1,0,1832
1865-1867,1864,30.5,46.5,"Edouard Manet (b. 1832, d. 1883)",_douard Manet,0,0,1,0,1832
1864,1868,38.5,46.5,"Edouard Manet (b. 1832, d. 1883)",_douard Manet,0,0,1,0,1832
1865,1864,38,46,"Edouard Manet (b. 1832, d. 1883)",_douard Manet,0,0,1,0,1832
1879-1880,1870,98,128,"Edouard Manet (b. 1832, d. 1883)",_douard Manet,0,0,1,0,1832
1937,1906,36,24,"Edouard Vuillard (b. 1868, d. 1940)",_douard Vuillard,0,0,1,0,1868
1907-1908,1927,100.7,72.2,"Edouard Vuillard (b. 1868, d. 1940)",_douard Vuillard,0,0,1,0,1868
1903,1894,213.5,154,"Edouard Vuillard (b. 1868, d. 1940)",_douard Vuillard,0,0,1,0,1868
1891,1916,INA,INA,"Edouard Vuillard (b. 1868, d. 1940)",_douard Vuillard,0,0,1,0,1868
1892,1937,66,50.4,"Edouard Vuillard (b. 1868, d. 1940)",_douard Vuillard,0,0,1,0,1868
1936-1937,1907,230,164,"Edouard Vuillard (b. 1868, d. 1940)",_douard Vuillard,0,0,1,0,1868
1932-1938,1903,58,60,"Edouard Vuillard (b. 1868, d. 1940)",_douard Vuillard,0,0,1,0,1868
1914,1891,74,92,"Edouard Vuillard (b. 1868, d. 1940)",_douard Vuillard,0,0,1,0,1868
1891,1892,33,64.5,"Edouard Vuillard (b. 1868, d. 1940)",_douard Vuillard,0,0,1,0,1868
1907,1936,88,81.2,"Edouard Vuillard (b. 1868, d. 1940)",_douard Vuillard,0,0,1,0,1868
1900,1935,101,66,"Edouard Vuillard (b. 1868, d. 1940)",_douard Vuillard,0,0,1,0,1868
1919-1920,1914,107.7,137.5,"Edouard Vuillard (b. 1868, d. 1940)",_douard Vuillard,0,0,1,0,1868
1909,1891,27,21.5,"Edouard Vuillard (b. 1868, d. 1940)",_douard Vuillard,0,0,1,0,1868
1901,1907,23.5,18.5,"Edouard Vuillard (b. 1868, d. 1940)",_douard Vuillard,0,0,1,0,1868
1907,1900,63.4,60.5,"Edouard Vuillard (b. 1868, d. 1940)",_douard Vuillard,0,0,1,0,1868
1908,1919,111.5,97.5,"Edouard Vuillard (b. 1868, d. 1940)",_douard Vuillard,0,0,1,0,1868
1928-1930,1909,46,56,"Edouard Vuillard (b. 1868, d. 1940)",_douard Vuillard,0,0,1,0,1868
1917-1918,1901,82,60,"Edouard Vuillard (b. 1868, d. 1940)",_douard Vuillard,0,0,1,0,1868
1811,1907,59,45,"Edouard Vuillard (b. 1868, d. 1940)",_douard Vuillard,0,0,1,0,1868
1910-1911,1908,112.5,67.6,"Edouard Vuillard (b. 1868, d. 1940)",_douard Vuillard,0,0,1,0,1868
1906,1929,148,146,"Edouard Vuillard (b. 1868, d. 1940)",_douard Vuillard,0,0,1,0,1868
1906,1917,110,20,"Edouard Vuillard (b. 1868, d. 1940)",_douard Vuillard,0,0,1,0,1868
1904,1811,400,300,"Edouard Vuillard (b. 1868, d. 1940)",_douard Vuillard,0,0,1,0,1868
1905-1906,1910,50,50,"Edouard Vuillard (b. 1868, d. 1940)",_douard Vuillard,0,0,1,0,1868
1920,1906,200,200.5,"Edouard Vuillard (b. 1868, d. 1940)",_douard Vuillard,0,0,1,0,1868
1928-1929,1906,75,68,"Edouard Vuillard (b. 1868, d. 1940)",_douard Vuillard,0,0,1,0,1868
1933,1904,60,58,"Edouard Vuillard (b. 1868, d. 1940)",_douard Vuillard,0,0,1,0,1868
1928-1932,1905,68.4,96.8,"Edouard Vuillard (b. 1868, d. 1940)",_douard Vuillard,0,0,1,0,1868
1908,1920,84.5,81,"Edouard Vuillard (b. 1868, d. 1940)",_douard Vuillard,0,0,1,0,1868
1913,1928,119,106,"Edouard Vuillard (b. 1868, d. 1940)",_douard Vuillard,0,0,1,0,1868
1897,1933,124.5,136.5,"Edouard Vuillard (b. 1868, d. 1940)",_douard Vuillard,0,0,1,0,1868
1900,1930,116,89.5,"Edouard Vuillard (b. 1868, d. 1940)",_douard Vuillard,0,0,1,0,1868
1889,1908,65,64,"Edouard Vuillard (b. 1868, d. 1940)",_douard Vuillard,0,0,1,0,1868
1896,1913,53,52,"Edouard Vuillard (b. 1868, d. 1940)",_douard Vuillard,0,0,1,0,1868
1893,1897,51.5,76,"Edouard Vuillard (b. 1868, d. 1940)",_douard Vuillard,0,0,1,0,1868
1887-1888,1900,64.5,50.5,"Edouard Vuillard (b. 1868, d. 1940)",_douard Vuillard,0,0,1,0,1868
1917-1919,1889,24.5,19.1,"Edouard Vuillard (b. 1868, d. 1940)",_douard Vuillard,0,0,1,0,1868
1890,1896,21.5,19.3,"Edouard Vuillard (b. 1868, d. 1940)",_douard Vuillard,0,0,1,0,1868
1907-1912,1893,28,36,"Edouard Vuillard (b. 1868, d. 1940)",_douard Vuillard,0,0,1,0,1868
1899,1887,46,65,"Edouard Vuillard (b. 1868, d. 1940)",_douard Vuillard,0,0,1,0,1868
1907-1908,1918,96,66,"Edouard Vuillard (b. 1868, d. 1940)",_douard Vuillard,0,0,1,0,1868
1899,1890,35.9,28.1,"Edouard Vuillard (b. 1868, d. 1940)",_douard Vuillard,0,0,1,0,1868
1917,1909,75,56.5,"Edouard Vuillard (b. 1868, d. 1940)",_douard Vuillard,0,0,1,0,1868
1909,1899,240,154.5,"Edouard Vuillard (b. 1868, d. 1940)",_douard Vuillard,0,0,1,0,1868
1909,1907,118,88,"Edouard Vuillard (b. 1868, d. 1940)",_douard Vuillard,0,0,1,0,1868
1906,1899,59.7,96,"Edouard Vuillard (b. 1868, d. 1940)",_douard Vuillard,0,0,1,0,1868
1905,1917,103,55,"Edouard Vuillard (b. 1868, d. 1940)",_douard Vuillard,0,0,1,0,1868
1903-1904,1909,50,60,"Edouard Vuillard (b. 1868, d. 1940)",_douard Vuillard,0,0,1,0,1868
1901,1909,49,61.4,"Edouard Vuillard (b. 1868, d. 1940)",_douard Vuillard,0,0,1,0,1868
1896-1899,1906,21.1,17,"Edouard Vuillard (b. 1868, d. 1940)",_douard Vuillard,0,0,1,0,1868
1896,1905,49.7,51.8,"Edouard Vuillard (b. 1868, d. 1940)",_douard Vuillard,0,0,1,0,1868
1895,1903,27,36,"Edouard Vuillard (b. 1868, d. 1940)",_douard Vuillard,0,0,1,0,1868
1894,1901,44.3,43.5,"Edouard Vuillard (b. 1868, d. 1940)",_douard Vuillard,0,0,1,0,1868
1892,1897,44,55.3,"Edouard Vuillard (b. 1868, d. 1940)",_douard Vuillard,0,0,1,0,1868
1891,1896,24.8,32.6,"Edouard Vuillard (b. 1868, d. 1940)",_douard Vuillard,0,0,1,0,1868
1891,1895,26,10,"Edouard Vuillard (b. 1868, d. 1940)",_douard Vuillard,0,0,1,0,1868
1891,1894,28,33.8,"Edouard Vuillard (b. 1868, d. 1940)",_douard Vuillard,0,0,1,0,1868
1891,1892,34.5,26.8,"Edouard Vuillard (b. 1868, d. 1940)",_douard Vuillard,0,0,1,0,1868
1891,1891,30,23,"Edouard Vuillard (b. 1868, d. 1940)",_douard Vuillard,0,0,1,0,1868
1891,1891,32.5,36.5,"Edouard Vuillard (b. 1868, d. 1940)",_douard Vuillard,0,0,1,0,1868
1890,1891,18.1,23,"Edouard Vuillard (b. 1868, d. 1940)",_douard Vuillard,0,0,1,0,1868
1891,1891,22.5,14.5,"Edouard Vuillard (b. 1868, d. 1940)",_douard Vuillard,0,0,1,0,1868
1891,1891,21.6,16.3,"Edouard Vuillard (b. 1868, d. 1940)",_douard Vuillard,0,0,1,0,1868
1890,1891,27,11,"Edouard Vuillard (b. 1868, d. 1940)",_douard Vuillard,0,0,1,0,1868
1889,1890,36,32,"Edouard Vuillard (b. 1868, d. 1940)",_douard Vuillard,0,0,1,0,1868
1916,1891,24.5,33.5,"Edouard Vuillard (b. 1868, d. 1940)",_douard Vuillard,0,0,1,0,1868
1905,1891,42.8,29.6,"Edouard Vuillard (b. 1868, d. 1940)",_douard Vuillard,0,0,1,0,1868
1891,1890,34,23,"Edouard Vuillard (b. 1868, d. 1940)",_douard Vuillard,0,0,1,0,1868
1910,1889,12.5,21,"Edouard Vuillard (b. 1868, d. 1940)",_douard Vuillard,0,0,1,0,1868
1905-1907,1916,88.5,219.5,"Edouard Vuillard (b. 1868, d. 1940)",_douard Vuillard,0,0,1,0,1868
1898,1905,61,51,"Edouard Vuillard (b. 1868, d. 1940)",_douard Vuillard,0,0,1,0,1868
1893,1891,12,19,"Edouard Vuillard (b. 1868, d. 1940)",_douard Vuillard,0,0,1,0,1868
1891,1910,50,45,"Edouard Vuillard (b. 1868, d. 1940)",_douard Vuillard,0,0,1,0,1868
1890,1906,21,22.8,"Edouard Vuillard (b. 1868, d. 1940)",_douard Vuillard,0,0,1,0,1868
1912,1898,60.5,56,"Edouard Vuillard (b. 1868, d. 1940)",_douard Vuillard,0,0,1,0,1868
1894,1893,26.5,21.5,"Edouard Vuillard (b. 1868, d. 1940)",_douard Vuillard,0,0,1,0,1868
1894,1891,21,17,"Edouard Vuillard (b. 1868, d. 1940)",_douard Vuillard,0,0,1,0,1868
1907-1908,1890,34.5,18.5,"Edouard Vuillard (b. 1868, d. 1940)",_douard Vuillard,0,0,1,0,1868
1915,1912,201,113.7,"Edouard Vuillard (b. 1868, d. 1940)",_douard Vuillard,0,0,1,0,1868
1930,1894,214.5,88,"Edouard Vuillard (b. 1868, d. 1940)",_douard Vuillard,0,0,1,0,1868
1932-1935,1894,214.5,92,"Edouard Vuillard (b. 1868, d. 1940)",_douard Vuillard,0,0,1,0,1868
1936,1907,230,163.5,"Edouard Vuillard (b. 1868, d. 1940)",_douard Vuillard,0,0,1,0,1868
1935,1915,160,230,"Edouard Vuillard (b. 1868, d. 1940)",_douard Vuillard,0,0,1,0,1868
1909,1930,114,94,"Edouard Vuillard (b. 1868, d. 1940)",_douard Vuillard,0,0,1,0,1868
1907,1933,72,113,"Edouard Vuillard (b. 1868, d. 1940)",_douard Vuillard,0,0,1,0,1868
1930,1936,94,119,"Edouard Vuillard (b. 1868, d. 1940)",_douard Vuillard,0,0,1,0,1868
1939-1940,1935,119,97,"Edouard Vuillard (b. 1868, d. 1940)",_douard Vuillard,0,0,1,0,1868
1936-1937,1909,96.5,135,"Edouard Vuillard (b. 1868, d. 1940)",_douard Vuillard,0,0,1,0,1868
1915-1916,1907,105.5,127,"Edouard Vuillard (b. 1868, d. 1940)",_douard Vuillard,0,0,1,0,1868
1908,1930,114.6,147.1,"Edouard Vuillard (b. 1868, d. 1940)",_douard Vuillard,0,0,1,0,1868
1952,1939,210.2,149.5,"Edouard Vuillard (b. 1868, d. 1940)",_douard Vuillard,0,0,1,0,1868
1890-1891,1936,92,93,"Edouard Vuillard (b. 1868, d. 1940)",_douard Vuillard,0,0,1,0,1868
1891,1915,105,75,"Edouard Vuillard (b. 1868, d. 1940)",_douard Vuillard,0,0,1,0,1868
1894,1908,51,62.5,"Edouard Vuillard (b. 1868, d. 1940)",_douard Vuillard,0,0,1,0,1868
1950,1920,54.1,65.1,"Fernand Leger (b. 1881, d. 1955)",Fernand L_ger,1,0,0,0,1881
1922,1919,54.1,65.7,"Fernand Leger (b. 1881, d. 1955)",Fernand L_ger,1,0,0,0,1881
1926,1928,73.3,92.1,"Fernand Leger (b. 1881, d. 1955)",Fernand L_ger,1,0,0,0,1881
1921-1927,1941,186.7,217.8,"Fernand Leger (b. 1881, d. 1955)",Fernand L_ger,1,0,0,0,1881
1947,1950,53.7,64.8,"Fernand Leger (b. 1881, d. 1955)",Fernand L_ger,1,0,0,0,1881
1872,1922,64.5,92,"Fernand Leger (b. 1881, d. 1955)",Fernand L_ger,1,0,0,0,1881
1873,1926,92,73,"Fernand Leger (b. 1881, d. 1955)",Fernand L_ger,1,0,0,0,1881
1881,1924,130.5,97.2,"Fernand Leger (b. 1881, d. 1955)",Fernand L_ger,1,0,0,0,1881
1880,1947,65.4,54.6,"Fernand Leger (b. 1881, d. 1955)",Fernand L_ger,1,0,0,0,1881
1941,1926,66,93.3,"Fernand Leger (b. 1881, d. 1955)",Fernand L_ger,0,0,1,0,1881
1921,1920,92.1,73.3,"Francis Picabia (b. 1879, d. 1953)",Francis Picabia,1,0,0,0,1879
1905,1913,300.4,300.7,"Francis Picabia (b. 1879, d. 1953)",Francis Picabia,1,0,0,0,1879
1907,1928,60.3,81.2,"Francis Picabia (b. 1879, d. 1953)",Francis Picabia,1,0,0,0,1879
1888,1952,195.6,254,"Franz Kline (b. 1910, d. 1962)",,1,0,0,0,1910
1906,1951,36.5,55.6,"Georges Braque (b. 1882, d. 1963)",Georges Braque ,1,0,0,0,1882
1906,1913,34.6,23.8,"Georges Braque (b. 1882, d. 1963)",Georges Braque ,1,0,0,0,1882
1936,1909,81.1,80.5,"Georges Braque (b. 1882, d. 1963)",Georges Braque ,1,0,0,0,1882
1912,1938,114.3,145.5,"Georges Braque (b. 1882, d. 1963)",Georges Braque ,1,0,0,0,1882
1913,1906,60.3,72.7,"Georges Braque (b. 1882, d. 1963)",Georges Braque ,1,0,0,0,1882
1915,1906,59.7,73,"Georges Braque (b. 1882, d. 1963)",Georges Braque ,1,0,0,0,1882
1915,1936,92,73,"Georges Braque (b. 1882, d. 1963)",Georges Braque ,1,0,0,0,1882
1884-1886,1885,207.5,308.1,"Georges Seurat (b. 1859, d. 1891)",Georges Seurat,1,0,0,0,1859
1883,1883,15.8,25.1,"Georges Seurat (b. 1859, d. 1891)",Georges Seurat,1,0,0,0,1859
1884,1884,15.5,24.3,"Georges Seurat (b. 1859, d. 1891)",Georges Seurat,1,0,0,0,1859
1881,1881,17.5,26.5,"Georges Seurat (b. 1859, d. 1891)",Georges Seurat,0,0,1,0,1859
1887,1887,24.3,15.3,"Georges Seurat (b. 1859, d. 1891)",Georges Seurat,0,0,1,0,1859
1883,1883,15.4,25,"Georges Seurat (b. 1859, d. 1891)",Georges Seurat,0,0,1,0,1859
1886,1886,25,15.7,"Georges Seurat (b. 1859, d. 1891)",Georges Seurat,0,0,1,0,1859
1883,1883,16.3,25.5,"Georges Seurat (b. 1859, d. 1891)",Georges Seurat,0,0,1,0,1859
1885,1885,15.7,25,"Georges Seurat (b. 1859, d. 1891)",Georges Seurat,0,0,1,0,1859
1885,1885,16,24,"Georges Seurat (b. 1859, d. 1891)",Georges Seurat,0,0,1,0,1859
1881-1882,1881,32.5,40.7,"Georges Seurat (b. 1859, d. 1891)",Georges Seurat,0,0,1,0,1859
1887,1887,24.7,15.5,"Georges Seurat (b. 1859, d. 1891)",Georges Seurat,0,0,1,0,1859
1891,1891,55.2,46.2,"Georges Seurat (b. 1859, d. 1891)",Georges Seurat,0,0,1,0,1859
1882,1882,46,38,"Georges Seurat (b. 1859, d. 1891)",Georges Seurat,0,0,1,0,1859
1879,1879,16.5,25.5,"Georges Seurat (b. 1859, d. 1891)",Georges Seurat,0,0,1,0,1859
1883,1883,15.5,25,"Georges Seurat (b. 1859, d. 1891)",Georges Seurat,0,0,1,0,1859
1882-1883,1882,165,26,"Georges Seurat (b. 1859, d. 1891)",Georges Seurat,0,0,1,0,1859
1887,1887,25,15.8,"Georges Seurat (b. 1859, d. 1891)",Georges Seurat,0,0,1,0,1859
1891,1891,186,152,"Georges Seurat (b. 1859, d. 1891)",Georges Seurat,0,0,1,0,1859
1888,1888,66,82,"Georges Seurat (b. 1859, d. 1891)",Georges Seurat,0,0,1,0,1859
1884-1886,1885,16,25,"Georges Seurat (b. 1859, d. 1891)",Georges Seurat,0,0,1,0,1859
1884,1884,15.5,25,"Georges Seurat (b. 1859, d. 1891)",Georges Seurat,0,0,1,0,1859
1885-1886,1887,100.3,161.3,"Henri de Toulouse-Lautrec (b. 1864, d. 1901)",Henri de Toulouse-Lautrec,1,0,0,0,1864
1892-1895,1888,15.15,15.15,"Henri de Toulouse-Lautrec (b. 1864, d. 1901)",Henri de Toulouse-Lautrec,1,0,0,0,1864
1848-1914,1889,88.5,101.3,"Henri de Toulouse-Lautrec (b. 1864, d. 1901)",Henri de Toulouse-Lautrec,1,0,0,0,1864
1892,1886,80.7,59.5,"Henri de Toulouse-Lautrec (b. 1864, d. 1901)",Henri de Toulouse-Lautrec,1,0,0,0,1864
1896,1885,153.5,152.5,"Henri de Toulouse-Lautrec (b. 1864, d. 1901)",Henri de Toulouse-Lautrec,1,0,0,0,1864
1896,1893,123,141,"Henri de Toulouse-Lautrec (b. 1864, d. 1901)",Henri de Toulouse-Lautrec,1,0,0,0,1864
1890,1881,32,33,"Henri de Toulouse-Lautrec (b. 1864, d. 1901)",Henri de Toulouse-Lautrec,0,0,1,0,1864
1891,1892,85.5,45,"Henri de Toulouse-Lautrec (b. 1864, d. 1901)",Henri de Toulouse-Lautrec,0,0,1,0,1864
1848-1914,1896,56,48,"Henri de Toulouse-Lautrec (b. 1864, d. 1901)",Henri de Toulouse-Lautrec,0,0,1,0,1864
1889,1896,31,39.6,"Henri de Toulouse-Lautrec (b. 1864, d. 1901)",Henri de Toulouse-Lautrec,0,0,1,0,1864
1895,1890,54,40,"Henri de Toulouse-Lautrec (b. 1864, d. 1901)",Henri de Toulouse-Lautrec,0,0,1,0,1864
1900,1891,74,58,"Henri de Toulouse-Lautrec (b. 1864, d. 1901)",Henri de Toulouse-Lautrec,0,0,1,0,1864
1898,1881,44.5,30,"Henri de Toulouse-Lautrec (b. 1864, d. 1901)",Henri de Toulouse-Lautrec,0,0,1,0,1864
1894,1889,99,75,"Henri de Toulouse-Lautrec (b. 1864, d. 1901)",Henri de Toulouse-Lautrec,0,0,1,0,1864
1894,1895,298,316,"Henri de Toulouse-Lautrec (b. 1864, d. 1901)",Henri de Toulouse-Lautrec,0,0,1,0,1864
1892,1900,95,65.5,"Henri de Toulouse-Lautrec (b. 1864, d. 1901)",Henri de Toulouse-Lautrec,0,0,1,0,1864
1892,1898,60.1,51,"Henri de Toulouse-Lautrec (b. 1864, d. 1901)",Henri de Toulouse-Lautrec,0,0,1,0,1864
1891,1894,68.5,47.5,"Henri de Toulouse-Lautrec (b. 1864, d. 1901)",Henri de Toulouse-Lautrec,0,0,1,0,1864
1897,1894,58,46,"Henri de Toulouse-Lautrec (b. 1864, d. 1901)",Henri de Toulouse-Lautrec,0,0,1,0,1864
1889,1892,53.5,70,"Henri de Toulouse-Lautrec (b. 1864, d. 1901)",Henri de Toulouse-Lautrec,0,0,1,0,1864
1895,1892,50,40,"Henri de Toulouse-Lautrec (b. 1864, d. 1901)",Henri de Toulouse-Lautrec,0,0,1,0,1864
1946,1891,44,30,"Henri de Toulouse-Lautrec (b. 1864, d. 1901)",Henri de Toulouse-Lautrec,0,0,1,0,1864
1953,1897,54,67,"Henri de Toulouse-Lautrec (b. 1864, d. 1901)",Henri de Toulouse-Lautrec,0,0,1,0,1864
1938-1941,1889,67,54,"Henri de Toulouse-Lautrec (b. 1864, d. 1901)",Henri de Toulouse-Lautrec,0,0,1,0,1864
1926,1895,58,43,"Henri de Toulouse-Lautrec (b. 1864, d. 1901)",Henri de Toulouse-Lautrec,0,0,1,0,1864
1893-1895,1894,25.5,45.5,"Henri Julien Felix Rousseau (b. 1844, d. 1910)",,1,0,0,0,1844
1904,1904,33,24.1,"Henri Julien Felix Rousseau (b. 1844, d. 1910)",,1,0,0,0,1844
1910,1910,116.2,150.2,"Henri Julien Felix Rousseau (b. 1844, d. 1910)",,1,0,0,0,1844
1907,1907,167,189.5,"Henri Julien Felix Rousseau (b. 1844, d. 1910)",,0,0,1,0,1844
1894,1894,114.5,195,"Henri Julien Felix Rousseau (b. 1844, d. 1910)",,0,0,1,0,1844
1896,1896,198,114.5,"Henri Julien Felix Rousseau (b. 1844, d. 1910)",,0,0,1,0,1844
1905,1927,14.3,24.1,"Henri Matisse (b. 1869, d. 1954)",,1,0,0,0,1869
1905,1962,130.8,162.6,"Henri Matisse (b. 1869, d. 1954)",,1,0,0,0,1869
1961-1963,1904,98,118.5,"Henri Matisse (b. 1869, d. 1954)",,0,0,1,0,1869
1912,1937,245,195,"Henri Matisse (b. 1869, d. 1954)",,0,0,1,0,1869
1918-1920,1918,INA,INA,"Henri Matisse (b. 1869, d. 1954)",,0,0,1,0,1869
1920,1946,149.8,208.3,"Jackson Pollock (b. 1912, d. 1956)",,1,0,0,0,1912
1919,1953,182.9,244.2,"Jackson Pollock (b. 1912, d. 1956)",,1,0,0,0,1912
1928,1939,56.5,127.6,"Jackson Pollock (b. 1912, d. 1956)",,1,0,0,0,1912
1921,1912,93.3,74.4,"Juan Gris (b. 1887, d. 1927)",Juan Gris,1,0,0,0,1887
1912,1913,91.4,59.7,"Juan Gris (b. 1887, d. 1927)",Juan Gris,1,0,0,0,1887
1914,1915,29.2,19.7,"Juan Gris (b. 1887, d. 1927)",Juan Gris,1,0,0,0,1887
1887-1888,1915,92.1,73,"Juan Gris (b. 1887, d. 1927)",Juan Gris,1,0,0,0,1887
1888,1921,38.1,61.3,"Juan Gris (b. 1887, d. 1927)",Juan Gris,1,0,0,0,1887
1889,1912,45.7,37.8,"Juan Gris (b. 1887, d. 1927)",Juan Gris,1,0,0,0,1887
1886,1914,54,72.4,"Juan Gris (b. 1887, d. 1927)",Juan Gris,1,0,0,0,1887
1953-1954,1923,116.8,89.4,"Marc Chagall (b. 1887, d. 1985)",Marc Chagall,1,0,0,0,1887
1949,1938,154.6,140,"Marc Chagall (b. 1887, d. 1985)",Marc Chagall,1,0,0,0,1887
1953,1911,113.4,195.3,"Marc Chagall (b. 1887, d. 1985)",Marc Chagall,1,0,0,0,1887
1872,1927,23.8,18.9,"Marc Chagall (b. 1887, d. 1985)",Marc Chagall,1,0,0,0,1887
1894,1910,92.1,73.1,"Marcel Duchamp (b. 1887, d. 1968)",,1,0,0,0,1887
1873,1953,265.1,298.1,"Mark Rothko (b. 1903, d. 1970)",,1,0,0,0,1903
1881,1949,172.8,101.8,"Mark Rothko (b. 1903, d. 1970)",,1,0,0,0,1903
1880,1953,197.5,207.7,"Mark Rothko (b. 1903, d. 1970)",,1,0,0,0,1903
1933,1912,73.7,92.1,"Maurice de Vlaminck (b. 1876, d. 1958)",Maurice de Vlaminck,1,0,0,0,1876
1910,1919,81,99.7,"Maurice de Vlaminck (b. 1876, d. 1958)",Maurice de Vlaminck,1,0,0,0,1876
1945,1905,81.3,101.6,"Maurice de Vlaminck (b. 1876, d. 1958)",Maurice de Vlaminck,1,0,0,0,1876
1952,1905,60,81.5,"Maurice de Vlaminck (b. 1876, d. 1958)",Maurice de Vlaminck,0,0,1,0,1876
1956,1933,73.2,92,"Maurice de Vlaminck (b. 1876, d. 1958)",Maurice de Vlaminck,0,0,1,0,1876
1912,1910,54,72.7,"Maurice de Vlaminck (b. 1876, d. 1958)",Maurice de Vlaminck,0,0,1,0,1876
1955,1945,65.2,81,"Maurice de Vlaminck (b. 1876, d. 1958)",Maurice de Vlaminck,0,0,1,0,1876
1950,1952,60,73,"Maurice de Vlaminck (b. 1876, d. 1958)",Maurice de Vlaminck,0,0,1,0,1876
1914,1956,65.5,81.5,"Maurice de Vlaminck (b. 1876, d. 1958)",Maurice de Vlaminck,0,0,1,0,1876
1950,1912,38.6,54.5,"Maurice de Vlaminck (b. 1876, d. 1958)",Maurice de Vlaminck,0,0,1,0,1876
1907,1955,55,37.8,"Maurice de Vlaminck (b. 1876, d. 1958)",Maurice de Vlaminck,0,0,1,0,1876
1959,1950,54.2,65.3,"Maurice de Vlaminck (b. 1876, d. 1958)",Maurice de Vlaminck,0,0,1,0,1876
1959-1960,1914,55,46,"Maurice de Vlaminck (b. 1876, d. 1958)",Maurice de Vlaminck,0,0,1,0,1876
1937,1950,81.6,100,"Maurice de Vlaminck (b. 1876, d. 1958)",Maurice de Vlaminck,0,0,1,0,1876
1901,1907,54.4,65,"Maurice de Vlaminck (b. 1876, d. 1958)",Maurice de Vlaminck,0,0,1,0,1876
1931,1959,233.7,350.5,"Morris Louis (b. 1912, d. 1962)",,1,0,0,0,1912
1906,1960,255.3,353.1,"Morris Louis (b. 1912, d. 1962)",,1,0,0,0,1912
1867,1867,19,23.5,"Odilon Redon (b. 1840, d. 1916)",Odilon Redon,1,0,0,0,1840
1840-1916,1878,92.7,65.5,"Odilon Redon (b. 1840, d. 1916)",Odilon Redon,1,0,0,0,1840
1904-1910,1907,56,54,"Odilon Redon (b. 1840, d. 1916)",Odilon Redon,1,0,0,0,1840
1840-1916,1878,22,27,"Odilon Redon (b. 1840, d. 1916)",Odilon Redon,0,0,1,0,1840
1900,1900,74.5,68.5,"Odilon Redon (b. 1840, d. 1916)",Odilon Redon,0,0,1,0,1840
1840-1916,1878,46.8,45.4,"Odilon Redon (b. 1840, d. 1916)",Odilon Redon,0,0,1,0,1840
1895-1900,1897,48.2,38.5,"Odilon Redon (b. 1840, d. 1916)",Odilon Redon,0,0,1,0,1840
1897,1897,41.8,22.2,"Odilon Redon (b. 1840, d. 1916)",Odilon Redon,0,0,1,0,1840
1903-1905,1904,65,54,"Odilon Redon (b. 1840, d. 1916)",Odilon Redon,0,0,1,0,1840
1840-1916,1878,23.8,32.3,"Odilon Redon (b. 1840, d. 1916)",Odilon Redon,0,0,1,0,1840
1840-1916,1878,31.7,35.8,"Odilon Redon (b. 1840, d. 1916)",Odilon Redon,0,0,1,0,1840
1840-1916,1878,31.5,41,"Odilon Redon (b. 1840, d. 1916)",Odilon Redon,0,0,1,0,1840
1916,1916,50.2,69.2,"Odilon Redon (b. 1840, d. 1916)",Odilon Redon,0,0,1,0,1840
1840-1916,1878,63,53.5,"Odilon Redon (b. 1840, d. 1916)",Odilon Redon,0,0,1,0,1840
1910-1911,1910,71,53.5,"Odilon Redon (b. 1840, d. 1916)",Odilon Redon,0,0,1,0,1840
1840-1916,1878,32.2,40.2,"Odilon Redon (b. 1840, d. 1916)",Odilon Redon,0,0,1,0,1840
1840-1916,1878,55.6,32.6,"Odilon Redon (b. 1840, d. 1916)",Odilon Redon,0,0,1,0,1840
1862,1862,61,48.5,"Odilon Redon (b. 1840, d. 1916)",Odilon Redon,0,0,1,0,1840
1840-1916,1878,24.3,34.2,"Odilon Redon (b. 1840, d. 1916)",Odilon Redon,0,0,1,0,1840
1910,1910,50.8,26.5,"Odilon Redon (b. 1840, d. 1916)",Odilon Redon,0,0,1,0,1840
1875-1877,1876,61,49.5,"Odilon Redon (b. 1840, d. 1916)",Odilon Redon,0,0,1,0,1840
1860-1870,1865,46.1,32.5,"Odilon Redon (b. 1840, d. 1916)",Odilon Redon,0,0,1,0,1840
1840-1916,1878,45,33,"Odilon Redon (b. 1840, d. 1916)",Odilon Redon,0,0,1,0,1840
1893,1893,32.5,24,"Odilon Redon (b. 1840, d. 1916)",Odilon Redon,0,0,1,0,1840
1880-1890,1885,50,35.3,"Odilon Redon (b. 1840, d. 1916)",Odilon Redon,0,0,1,0,1840
1860-1870,1865,46,55,"Odilon Redon (b. 1840, d. 1916)",Odilon Redon,0,0,1,0,1840
1901,1901,123,149.5,"Odilon Redon (b. 1840, d. 1916)",Odilon Redon,0,0,1,0,1840
1901,1901,41.5,357,"Odilon Redon (b. 1840, d. 1916)",Odilon Redon,0,0,1,0,1840
1901,1901,43,55.5,"Odilon Redon (b. 1840, d. 1916)",Odilon Redon,0,0,1,0,1840
1901,1901,41.5,55.3,"Odilon Redon (b. 1840, d. 1916)",Odilon Redon,0,0,1,0,1840
1901,1901,37.5,245.3,"Odilon Redon (b. 1840, d. 1916)",Odilon Redon,0,0,1,0,1840
1901,1901,122.5,152.3,"Odilon Redon (b. 1840, d. 1916)",Odilon Redon,0,0,1,0,1840
1901,1901,35.3,163.7,"Odilon Redon (b. 1840, d. 1916)",Odilon Redon,0,0,1,0,1840
1901,1901,35,165.5,"Odilon Redon (b. 1840, d. 1916)",Odilon Redon,0,0,1,0,1840
1901,1901,250.7,89.4,"Odilon Redon (b. 1840, d. 1916)",Odilon Redon,0,0,1,0,1840
1901,1901,244,103.7,"Odilon Redon (b. 1840, d. 1916)",Odilon Redon,0,0,1,0,1840
1901,1901,244.5,58.5,"Odilon Redon (b. 1840, d. 1916)",Odilon Redon,0,0,1,0,1840
1901,1901,243.8,58.3,"Odilon Redon (b. 1840, d. 1916)",Odilon Redon,0,0,1,0,1840
1901,1901,247.5,163.5,"Odilon Redon (b. 1840, d. 1916)",Odilon Redon,0,0,1,0,1840
1901,1901,247.5,173,"Odilon Redon (b. 1840, d. 1916)",Odilon Redon,0,0,1,0,1840
1901,1901,249.5,185.5,"Odilon Redon (b. 1840, d. 1916)",Odilon Redon,0,0,1,0,1840
1840-1916,1878,24,33,"Odilon Redon (b. 1840, d. 1916)",Odilon Redon,0,0,1,0,1840
1840-1916,1878,33,24.4,"Odilon Redon (b. 1840, d. 1916)",Odilon Redon,0,0,1,0,1840
1840-1916,1878,24,31.9,"Odilon Redon (b. 1840, d. 1916)",Odilon Redon,0,0,1,0,1840
1840-1916,1878,34,24.5,"Odilon Redon (b. 1840, d. 1916)",Odilon Redon,0,0,1,0,1840
1840-1916,1878,23.8,32.5,"Odilon Redon (b. 1840, d. 1916)",Odilon Redon,0,0,1,0,1840
1840-1916,1878,24.5,32,"Odilon Redon (b. 1840, d. 1916)",Odilon Redon,0,0,1,0,1840
1840-1916,1878,21.5,32.2,"Odilon Redon (b. 1840, d. 1916)",Odilon Redon,0,0,1,0,1840
1840-1916,1878,16.2,28.8,"Odilon Redon (b. 1840, d. 1916)",Odilon Redon,0,0,1,0,1840
1840-1916,1878,18.2,25.7,"Odilon Redon (b. 1840, d. 1916)",Odilon Redon,0,0,1,0,1840
1840-1916,1878,19.5,26.3,"Odilon Redon (b. 1840, d. 1916)",Odilon Redon,0,0,1,0,1840
1840-1916,1878,18,23.4,"Odilon Redon (b. 1840, d. 1916)",Odilon Redon,0,0,1,0,1840
1840-1916,1878,32.5,23.8,"Odilon Redon (b. 1840, d. 1916)",Odilon Redon,0,0,1,0,1840
1840-1916,1878,24,33.7,"Odilon Redon (b. 1840, d. 1916)",Odilon Redon,0,0,1,0,1840
1840-1916,1878,18.8,32,"Odilon Redon (b. 1840, d. 1916)",Odilon Redon,0,0,1,0,1840
1840-1916,1878,20.2,24.5,"Odilon Redon (b. 1840, d. 1916)",Odilon Redon,0,0,1,0,1840
1840-1916,1878,24.8,17.7,"Odilon Redon (b. 1840, d. 1916)",Odilon Redon,0,0,1,0,1840
1840-1916,1878,24.8,17.7,"Odilon Redon (b. 1840, d. 1916)",Odilon Redon,0,0,1,0,1840
1840-1916,1878,18.7,25,"Odilon Redon (b. 1840, d. 1916)",Odilon Redon,0,0,1,0,1840
1840-1916,1878,24,33.8,"Odilon Redon (b. 1840, d. 1916)",Odilon Redon,0,0,1,0,1840
1840-1916,1878,32.4,25.8,"Odilon Redon (b. 1840, d. 1916)",Odilon Redon,0,0,1,0,1840
1840-1916,1878,23.5,23.2,"Odilon Redon (b. 1840, d. 1916)",Odilon Redon,0,0,1,0,1840
1880,1880,46.4,33.3,"Odilon Redon (b. 1840, d. 1916)",Odilon Redon,0,0,1,0,1840
1867,1867,41.7,32,"Odilon Redon (b. 1840, d. 1916)",Odilon Redon,0,0,1,0,1840
1840-1916,1878,40,32.5,"Odilon Redon (b. 1840, d. 1916)",Odilon Redon,0,0,1,0,1840
1840-1916,1878,68,49.5,"Odilon Redon (b. 1840, d. 1916)",Odilon Redon,0,0,1,0,1840
1840-1916,1878,44,33.7,"Odilon Redon (b. 1840, d. 1916)",Odilon Redon,0,0,1,0,1840
1900,1900,46,38,"Odilon Redon (b. 1840, d. 1916)",Odilon Redon,0,0,1,0,1840
1885,1885,54.2,50,"Odilon Redon (b. 1840, d. 1916)",Odilon Redon,0,0,1,0,1840
1840-1916,1878,30,46,"Odilon Redon (b. 1840, d. 1916)",Odilon Redon,0,0,1,0,1840
1840-1916,1878,34.7,26.6,"Odilon Redon (b. 1840, d. 1916)",Odilon Redon,0,0,1,0,1840
1840-1916,1878,33,22.2,"Odilon Redon (b. 1840, d. 1916)",Odilon Redon,0,0,1,0,1840
1840-1916,1878,27.5,22,"Odilon Redon (b. 1840, d. 1916)",Odilon Redon,0,0,1,0,1840
1840-1916,1878,22.2,27,"Odilon Redon (b. 1840, d. 1916)",Odilon Redon,0,0,1,0,1840
1840-1916,1878,22,27,"Odilon Redon (b. 1840, d. 1916)",Odilon Redon,0,0,1,0,1840
1840-1916,1878,22.6,19,"Odilon Redon (b. 1840, d. 1916)",Odilon Redon,0,0,1,0,1840
1840-1916,1878,33.5,41,"Odilon Redon (b. 1840, d. 1916)",Odilon Redon,0,0,1,0,1840
1840-1916,1878,33,41,"Odilon Redon (b. 1840, d. 1916)",Odilon Redon,0,0,1,0,1840
1896-1897,1878,25.2,34,"Odilon Redon (b. 1840, d. 1916)",Odilon Redon,0,0,1,0,1840
1896-1897,1878,36.7,45,"Odilon Redon (b. 1840, d. 1916)",Odilon Redon,0,0,1,0,1840
1908,1908,73.5,90,"Odilon Redon (b. 1840, d. 1916)",Odilon Redon,0,0,1,0,1840
1908,1908,175.8,108.7,"Odilon Redon (b. 1840, d. 1916)",Odilon Redon,0,0,1,0,1840
1908,1908,81,54,"Odilon Redon (b. 1840, d. 1916)",Odilon Redon,0,0,1,0,1840
1908,1908,66,92.8,"Odilon Redon (b. 1840, d. 1916)",Odilon Redon,0,0,1,0,1840
1911,1911,143.5,62.5,"Odilon Redon (b. 1840, d. 1916)",Odilon Redon,0,0,1,0,1840
1840-1916,1878,38.9,30.9,"Odilon Redon (b. 1840, d. 1916)",Odilon Redon,0,0,1,0,1840
1895-1900,1897,34.8,27,"Odilon Redon (b. 1840, d. 1916)",Odilon Redon,0,0,1,0,1840
1840-1916,1878,73,91.8,"Odilon Redon (b. 1840, d. 1916)",Odilon Redon,0,0,1,0,1840
1910,1910,27.3,13,"Odilon Redon (b. 1840, d. 1916)",Odilon Redon,0,0,1,0,1840
1840-1916,1878,29,17.3,"Odilon Redon (b. 1840, d. 1916)",Odilon Redon,0,0,1,0,1840
1910,1910,51.5,46.1,"Odilon Redon (b. 1840, d. 1916)",Odilon Redon,0,0,1,0,1840
1840-1916,1878,47,49,"Odilon Redon (b. 1840, d. 1916)",Odilon Redon,0,0,1,0,1840
1900,1900,32,40.5,"Odilon Redon (b. 1840, d. 1916)",Odilon Redon,0,0,1,0,1840
1904,1904,61,47,"Odilon Redon (b. 1840, d. 1916)",Odilon Redon,0,0,1,0,1840
1840-1916,1878,85,60,"Odilon Redon (b. 1840, d. 1916)",Odilon Redon,0,0,1,0,1840
1840-1916,1878,45.4,38,"Odilon Redon (b. 1840, d. 1916)",Odilon Redon,0,0,1,0,1840
1890,1890,22,32.2,"Odilon Redon (b. 1840, d. 1916)",Odilon Redon,0,0,1,0,1840
1840-1916,1878,27,22,"Odilon Redon (b. 1840, d. 1916)",Odilon Redon,0,0,1,0,1840
1840-1916,1878,26,34.8,"Odilon Redon (b. 1840, d. 1916)",Odilon Redon,0,0,1,0,1840
1840-1916,1878,26.5,40,"Odilon Redon (b. 1840, d. 1916)",Odilon Redon,0,0,1,0,1840
1875,1875,23,32.7,"Odilon Redon (b. 1840, d. 1916)",Odilon Redon,0,0,1,0,1840
1840-1916,1878,21.8,32.5,"Odilon Redon (b. 1840, d. 1916)",Odilon Redon,0,0,1,0,1840
1840-1916,1878,33,25,"Odilon Redon (b. 1840, d. 1916)",Odilon Redon,0,0,1,0,1840
1840-1916,1878,182,285,"Odilon Redon (b. 1840, d. 1916)",Odilon Redon,0,0,1,0,1840
1840-1916,1878,25,34.8,"Odilon Redon (b. 1840, d. 1916)",Odilon Redon,0,0,1,0,1840
1840-1916,1878,19.5,28,"Odilon Redon (b. 1840, d. 1916)",Odilon Redon,0,0,1,0,1840
1895,1895,27,19,"Odilon Redon (b. 1840, d. 1916)",Odilon Redon,0,0,1,0,1840
1890,1890,44,36,"Odilon Redon (b. 1840, d. 1916)",Odilon Redon,0,0,1,0,1840
1882,1882,45.5,37.5,"Odilon Redon (b. 1840, d. 1916)",Odilon Redon,0,0,1,0,1840
1921,1931,131.1,98.7,"Pablo Picasso (b. 1881, d. 1973)",Pablo Picasso,1,0,0,0,1881
1901,1906,80.3,64.1,"Pablo Picasso (b. 1881, d. 1973)",Pablo Picasso,1,0,0,0,1881
1909,1959,194,279.5,"Pablo Picasso (b. 1881, d. 1973)",Pablo Picasso,1,0,0,0,1881
1906,1903,122.9,82.6,"Pablo Picasso (b. 1881, d. 1973)",Pablo Picasso,1,0,0,0,1881
1911-1912,1921,143.4,44.3,"Pablo Picasso (b. 1881, d. 1973)",Pablo Picasso,1,0,0,0,1881
1927,1901,44.3,40.8,"Pablo Picasso (b. 1881, d. 1973)",Pablo Picasso,1,0,0,0,1881
1922,1909,60.3,51.1,"Pablo Picasso (b. 1881, d. 1973)",Pablo Picasso,1,0,0,0,1881
1954,1906,100.6,81,"Pablo Picasso (b. 1881, d. 1973)",Pablo Picasso,1,0,0,0,1881
1915,1911,33,17.6,"Pablo Picasso (b. 1881, d. 1973)",Pablo Picasso,1,0,0,0,1881
1921,1927,100,81,"Pablo Picasso (b. 1881, d. 1973)",Pablo Picasso,1,0,0,0,1881
1930,1922,81.6,100.3,"Pablo Picasso (b. 1881, d. 1973)",Pablo Picasso,1,0,0,0,1881
1951,1954,130.7,97.2,"Pablo Picasso (b. 1881, d. 1973)",Pablo Picasso,1,0,0,0,1881
1910,1915,130.2,89.5,"Pablo Picasso (b. 1881, d. 1973)",Pablo Picasso,1,0,0,0,1881
1890,1921,142.9,172.7,"Pablo Picasso (b. 1881, d. 1973)",Pablo Picasso,1,0,0,0,1881
1899-1904,1930,66,49.2,"Pablo Picasso (b. 1881, d. 1973)",Pablo Picasso,1,0,0,0,1881
1877,1951,88.9,116.2,"Pablo Picasso (b. 1881, d. 1973)",Pablo Picasso,1,0,0,0,1881
1885-1890,1910,100.4,72.4,"Pablo Picasso (b. 1881, d. 1973)",Pablo Picasso,1,0,0,0,1881
1959,1937,61,47,"Pablo Picasso (b. 1881, d. 1973)",Pablo Picasso,0,0,1,0,1881
1903-1904,1901,67,52,"Pablo Picasso (b. 1881, d. 1973)",Pablo Picasso,0,0,1,0,1881
1879-1882,1890,59.6,42.3,"Paul Cezanne (b. 1839, d. 1906)",Paul C_zanne,1,0,0,0,1839
1893,1901,51.3,61.7,"Paul Cezanne (b. 1839, d. 1906)",Paul C_zanne,1,0,0,0,1839
1890-1894,1877,45.8,54.7,"Paul Cezanne (b. 1839, d. 1906)",Paul C_zanne,1,0,0,0,1839
1885,1888,51.4,62.3,"Paul Cezanne (b. 1839, d. 1906)",Paul C_zanne,1,0,0,0,1839
1888-1890,1880,31.7,21.6,"Paul Cezanne (b. 1839, d. 1906)",Paul C_zanne,1,0,0,0,1839
1873-1875,1893,65,80,"Paul Cezanne (b. 1839, d. 1906)",Paul C_zanne,1,0,0,0,1839
1848-1914,1892,22.6,35.4,"Paul Cezanne (b. 1839, d. 1906)",Paul C_zanne,1,0,0,0,1839
1878-1879,1885,80.2,100.6,"Paul Cezanne (b. 1839, d. 1906)",Paul C_zanne,1,0,0,0,1839
1879,1889,80.9,64.9,"Paul Cezanne (b. 1839, d. 1906)",Paul C_zanne,1,0,0,0,1839
1867,1874,65.2,81.3,"Paul Cezanne (b. 1839, d. 1906)",Paul C_zanne,1,0,0,0,1839
1947,1871,44,60,"Paul Cezanne (b. 1839, d. 1906)",Paul C_zanne,0,1,0,0,1839
1890-1892,1881,55,45,"Paul Cezanne (b. 1839, d. 1906)",Paul C_zanne,0,0,1,0,1839
1885-1890,1878,59.5,73,"Paul Cezanne (b. 1839, d. 1906)",Paul C_zanne,0,0,1,0,1839
1866,1879,65,54.4,"Paul Cezanne (b. 1839, d. 1906)",Paul C_zanne,0,0,1,0,1839
1869,1867,168.5,100.5,"Paul Cezanne (b. 1839, d. 1906)",Paul C_zanne,0,0,1,0,1839
1872-1873,1891,50,46,"Paul Cezanne (b. 1839, d. 1906)",Paul C_zanne,0,0,1,0,1839
1890-1895,1887,46.5,38.5,"Paul Cezanne (b. 1839, d. 1906)",Paul C_zanne,0,0,1,0,1839
1873-1874,1866,65,54.5,"Paul Cezanne (b. 1839, d. 1906)",Paul C_zanne,0,0,1,0,1839
1895-1896,1869,168,126.4,"Paul Cezanne (b. 1839, d. 1906)",Paul C_zanne,0,0,1,0,1839
1900-1904,1872,46,55.3,"Paul Cezanne (b. 1839, d. 1906)",Paul C_zanne,0,0,1,0,1839
1875-1876,1893,130,97,"Paul Cezanne (b. 1839, d. 1906)",Paul C_zanne,0,0,1,0,1839
1877-1879,1873,46.2,55.5,"Paul Cezanne (b. 1839, d. 1906)",Paul C_zanne,0,0,1,0,1839
1875,1895,117,89.5,"Paul Cezanne (b. 1839, d. 1906)",Paul C_zanne,0,0,1,0,1839
1900-1904,1902,73.3,60.3,"Paul Cezanne (b. 1839, d. 1906)",Paul C_zanne,0,0,1,0,1839
1862,1875,46,60.5,"Paul Cezanne (b. 1839, d. 1906)",Paul C_zanne,0,0,1,0,1839
1890,1878,32.5,41,"Paul Cezanne (b. 1839, d. 1906)",Paul C_zanne,0,0,1,0,1839
1899-1900,1875,66,55.2,"Paul Cezanne (b. 1839, d. 1906)",Paul C_zanne,0,0,1,0,1839
1859-1860,1902,42,55,"Paul Cezanne (b. 1839, d. 1906)",Paul C_zanne,0,0,1,0,1839
1885-1886,1862,19.2,30.5,"Paul Cezanne (b. 1839, d. 1906)",Paul C_zanne,0,0,1,0,1839
1885-1890,1890,32.5,29.7,"Paul Cezanne (b. 1839, d. 1906)",Paul C_zanne,0,0,1,0,1839
1865-1870,1899,22,33.5,"Paul Cezanne (b. 1839, d. 1906)",Paul C_zanne,0,0,1,0,1839
1866-1867,1859,82.5,66,"Paul Cezanne (b. 1839, d. 1906)",Paul C_zanne,0,0,1,0,1839
1892,1885,46,38,"Paul Cezanne (b. 1839, d. 1906)",Paul C_zanne,0,0,1,0,1839
1890,1887,29.5,24.5,"Paul Cezanne (b. 1839, d. 1906)",Paul C_zanne,0,0,1,0,1839
1890-1894,1877,30.2,41,"Paul Cezanne (b. 1839, d. 1906)",Paul C_zanne,0,0,1,0,1839
1873,1866,17,22,"Paul Cezanne (b. 1839, d. 1906)",Paul C_zanne,0,0,1,0,1839
1873,1892,22,33,"Paul Cezanne (b. 1839, d. 1906)",Paul C_zanne,0,0,1,0,1839
1874-1875,1890,29,45,"Paul Cezanne (b. 1839, d. 1906)",Paul C_zanne,0,0,1,0,1839
1876-1877,1892,27,35,"Paul Cezanne (b. 1839, d. 1906)",Paul C_zanne,0,0,1,0,1839
1890,1873,46,38,"Paul Cezanne (b. 1839, d. 1906)",Paul C_zanne,0,0,1,0,1839
1867-1869,1873,41,27,"Paul Cezanne (b. 1839, d. 1906)",Paul C_zanne,0,0,1,0,1839
1875,1874,19.5,22.5,"Paul Cezanne (b. 1839, d. 1906)",Paul C_zanne,0,0,1,0,1839
1877,1876,24.2,25.2,"Paul Cezanne (b. 1839, d. 1906)",Paul C_zanne,0,0,1,0,1839
1870,1890,65,95.2,"Paul Cezanne (b. 1839, d. 1906)",Paul C_zanne,0,0,1,0,1839
1873,1868,64.5,81,"Paul Cezanne (b. 1839, d. 1906)",Paul C_zanne,0,0,1,0,1839
1879-1880,1875,65,54,"Paul Cezanne (b. 1839, d. 1906)",Paul C_zanne,0,0,1,0,1839
1889,1877,47.2,56,"Paul Cezanne (b. 1839, d. 1906)",Paul C_zanne,0,0,1,0,1839
1896-1898,1870,65,81.5,"Paul Cezanne (b. 1839, d. 1906)",Paul C_zanne,0,0,1,0,1839
1890,1873,55.5,66.3,"Paul Cezanne (b. 1839, d. 1906)",Paul C_zanne,0,0,1,0,1839
1890-1895,1879,65,81.5,"Paul Cezanne (b. 1839, d. 1906)",Paul C_zanne,0,0,1,0,1839
1889-1890,1889,74,93,"Paul Cezanne (b. 1839, d. 1906)",Paul C_zanne,0,0,1,0,1839
1904,1897,66,82,"Paul Cezanne (b. 1839, d. 1906)",Paul C_zanne,0,0,1,0,1839
1879,1890,60.5,82.5,"Paul Cezanne (b. 1839, d. 1906)",Paul C_zanne,0,0,1,0,1839
1867-1868,1893,47,56.5,"Paul Cezanne (b. 1839, d. 1906)",Paul C_zanne,0,0,1,0,1839
1866,1889,61.2,50,"Paul Cezanne (b. 1839, d. 1906)",Paul C_zanne,0,0,1,0,1839
1872,1904,65.5,54.5,"Paul Cezanne (b. 1839, d. 1906)",Paul C_zanne,0,0,1,0,1839
1872,1879,58.4,72.4,"Paul Cezanne (b. 1839, d. 1906)",Paul C_zanne,0,0,1,0,1839
1873,1867,201,121,"Paul Cezanne (b. 1839, d. 1906)",Paul C_zanne,0,0,1,0,1839
1873,1866,51,48,"Paul Cezanne (b. 1839, d. 1906)",Paul C_zanne,0,0,1,0,1839
1873,1872,60,81,"Paul Cezanne (b. 1839, d. 1906)",Paul C_zanne,0,0,1,0,1839
1877,1872,38,45.5,"Paul Cezanne (b. 1839, d. 1906)",Paul C_zanne,0,0,1,0,1839
1888-1890,1873,54,64,"Paul Cezanne (b. 1839, d. 1906)",Paul C_zanne,0,0,1,0,1839
1877,1873,73,54,"Paul Cezanne (b. 1839, d. 1906)",Paul C_zanne,0,0,1,0,1839
1875-1876,1873,26,32,"Paul Cezanne (b. 1839, d. 1906)",Paul C_zanne,0,0,1,0,1839
1871,1877,65,815,"Paul Cezanne (b. 1839, d. 1906)",Paul C_zanne,0,0,1,0,1839
1965,18889,65,81.5,"Paul Cezanne (b. 1839, d. 1906)",Paul C_zanne,0,0,1,0,1839
1977,1877,25.5,14.3,"Paul Cezanne (b. 1839, d. 1906)",Paul C_zanne,0,0,1,0,1839
1976,1875,31.2,24.7,"Paul Cezanne (b. 1839, d. 1906)",Paul C_zanne,0,0,1,0,1839
1893,1892,68,90.7,"Paul Gauguin (b. 1848, d. 1903)",Paul Gauguin,1,0,0,0,1848
1894,1880,62.9,52.1,"Paul Gauguin (b. 1848, d. 1903)",Paul Gauguin,1,0,0,0,1848
1901,1891,73,91.5,"Paul Gauguin (b. 1848, d. 1903)",Paul Gauguin,1,0,0,0,1848
1890,1896,95.3,130.55,"Paul Gauguin (b. 1848, d. 1903)",Paul Gauguin,1,0,0,0,1848
1888,1893,76.3,54.3,"Paul Gauguin (b. 1848, d. 1903)",Paul Gauguin,1,0,0,0,1848
1951,1894,68.3,91.5,"Paul Gauguin (b. 1848, d. 1903)",Paul Gauguin,1,0,0,0,1848
1913,1901,97.1,74.2,"Paul Gauguin (b. 1848, d. 1903)",Paul Gauguin,1,0,0,0,1848
1909,1890,65.3,54.9,"Paul Gauguin (b. 1848, d. 1903)",Paul Gauguin,1,0,0,0,1848
1938,1888,73,92,"Paul Gauguin (b. 1848, d. 1903)",Paul Gauguin,1,0,0,0,1848
1881,1890,38,46,"Paul Gauguin (b. 1848, d. 1903)",Paul Gauguin,0,0,1,0,1848
1888,1891,72.5,91.5,"Paul Gauguin (b. 1848, d. 1903)",Paul Gauguin,0,0,1,0,1848
1893,1894,66.5,92.7,"Paul Gauguin (b. 1848, d. 1903)",Paul Gauguin,0,0,1,0,1848
1875,1888,91.5,72.5,"Paul Gauguin (b. 1848, d. 1903)",Paul Gauguin,0,0,1,0,1848
1889,1881,19,27,"Paul Gauguin (b. 1848, d. 1903)",Paul Gauguin,0,0,1,0,1848
1894,1888,72.5,61,"Paul Gauguin (b. 1848, d. 1903)",Paul Gauguin,0,0,1,0,1848
1893,1893,105,75,"Paul Gauguin (b. 1848, d. 1903)",Paul Gauguin,0,0,1,0,1848
1888,1875,65.4,92.4,"Paul Gauguin (b. 1848, d. 1903)",Paul Gauguin,0,0,1,0,1848
1886,1889,50.5,61.5,"Paul Gauguin (b. 1848, d. 1903)",Paul Gauguin,0,0,1,0,1848
1898,1894,81,105.6,"Paul Gauguin (b. 1848, d. 1903)",Paul Gauguin,0,0,1,0,1848
1894,1893,116,75,"Paul Gauguin (b. 1848, d. 1903)",Paul Gauguin,0,0,1,0,1848
1892,1888,90.5,111,"Paul Gauguin (b. 1848, d. 1903)",Paul Gauguin,0,0,1,0,1848
1891,1886,71,90,"Paul Gauguin (b. 1848, d. 1903)",Paul Gauguin,0,0,1,0,1848
1889,1898,140.5,92,"Paul Gauguin (b. 1848, d. 1903)",Paul Gauguin,0,0,1,0,1848
1889,1894,73,92.2,"Paul Gauguin (b. 1848, d. 1903)",Paul Gauguin,0,0,1,0,1848
1893-1894,1892,74.5,93.5,"Paul Gauguin (b. 1848, d. 1903)",Paul Gauguin,0,0,1,0,1848
1881,1891,69,91.5,"Paul Gauguin (b. 1848, d. 1903)",Paul Gauguin,0,0,1,0,1848
1885,1889,72.7,92,"Paul Gauguin (b. 1848, d. 1903)",Paul Gauguin,0,0,1,0,1848
1901,1889,92,73.2,"Paul Gauguin (b. 1848, d. 1903)",Paul Gauguin,0,0,1,0,1848
1897,1893,46,38,"Paul Gauguin (b. 1848, d. 1903)",Paul Gauguin,0,0,1,0,1848
1889,1881,33,46,"Paul Gauguin (b. 1848, d. 1903)",Paul Gauguin,0,0,1,0,1848
1896,1885,61.7,51.3,"Paul Gauguin (b. 1848, d. 1903)",Paul Gauguin,0,0,1,0,1848
1892,1901,67,76.5,"Paul Gauguin (b. 1848, d. 1903)",Paul Gauguin,0,0,1,0,1848
1880,1897,73.5,92.5,"Paul Gauguin (b. 1848, d. 1903)",Paul Gauguin,0,0,1,0,1848
1891,1889,73,92.5,"Paul Gauguin (b. 1848, d. 1903)",Paul Gauguin,0,0,1,0,1848
1896,1896,40,32,"Paul Gauguin (b. 1848, d. 1903)",Paul Gauguin,0,0,1,0,1848
1958,1965,165.1,198.1,"Philip Guston (b. 1913, d. 1980)",,1,0,0,0,1913
1970,1977,172.7,245.7,"Philip Guston (b. 1913, d. 1980)",,1,0,0,0,1913
1977,1976,177.8,294.6,"Philip Guston (b. 1913, d. 1980)",,1,0,0,0,1913
1920,1958,121.9,162.6,"Philip Guston (b. 1913, d. 1980)",,1,0,0,0,1913
1913,1970,182.9,289.6,"Philip Guston (b. 1913, d. 1980)",,1,0,0,0,1913
1928,1977,206.2,240.3,"Philip Guston (b. 1913, d. 1980)",,1,0,0,0,1913
1960-1965,1918,130,160,"Pierre Bonnard (b. 1867, d. 1947)",Pierre Bonnard,0,1,0,0,1867
1942,1930,108,108,"Pierre Bonnard (b. 1867, d. 1947)",Pierre Bonnard,0,1,0,0,1867
1962,1939,58.4,58.4,"Pierre Bonnard (b. 1867, d. 1947)",Pierre Bonnard,0,1,0,0,1867
1914,1921,41.3,50.5,"Pierre Bonnard (b. 1867, d. 1947)",Pierre Bonnard,0,0,1,0,1867
1892,1905,49,61,"Pierre Bonnard (b. 1867, d. 1947)",Pierre Bonnard,0,0,1,0,1867
1899,1907,278,301,"Pierre Bonnard (b. 1867, d. 1947)",Pierre Bonnard,0,0,1,0,1867
1947,1914,119.5,79,"Pierre Bonnard (b. 1867, d. 1947)",Pierre Bonnard,0,0,1,0,1867
1928,1892,61,33,"Pierre Bonnard (b. 1867, d. 1947)",Pierre Bonnard,0,0,1,0,1867
1938-1945,1899,96.4,105.2,"Pierre Bonnard (b. 1867, d. 1947)",Pierre Bonnard,0,0,1,0,1867
1930,1947,54.5,37.5,"Pierre Bonnard (b. 1867, d. 1947)",Pierre Bonnard,0,0,1,0,1867
1920,1928,73.8,57.3,"Pierre Bonnard (b. 1867, d. 1947)",Pierre Bonnard,0,0,1,0,1867
1928,1941,77,103,"Pierre Bonnard (b. 1867, d. 1947)",Pierre Bonnard,0,0,1,0,1867
1925,1930,50,79,"Pierre Bonnard (b. 1867, d. 1947)",Pierre Bonnard,0,0,1,0,1867
1935,1920,46.3,53,"Pierre Bonnard (b. 1867, d. 1947)",Pierre Bonnard,0,0,1,0,1867
1932,1928,55.3,46.3,"Pierre Bonnard (b. 1867, d. 1947)",Pierre Bonnard,0,0,1,0,1867
1947,1925,50.3,52.3,"Pierre Bonnard (b. 1867, d. 1947)",Pierre Bonnard,0,0,1,0,1867
1904,1935,63,63,"Pierre Bonnard (b. 1867, d. 1947)",Pierre Bonnard,0,0,1,0,1867
1921,1932,81,90,"Pierre Bonnard (b. 1867, d. 1947)",Pierre Bonnard,0,0,1,0,1867
1921,1947,33,21.5,"Pierre Bonnard (b. 1867, d. 1947)",Pierre Bonnard,0,0,1,0,1867
1921,1904,30,40.2,"Pierre Bonnard (b. 1867, d. 1947)",Pierre Bonnard,0,0,1,0,1867
1921,1921,55,88,"Pierre Bonnard (b. 1867, d. 1947)",Pierre Bonnard,0,0,1,0,1867
1912,1921,55,87.5,"Pierre Bonnard (b. 1867, d. 1947)",Pierre Bonnard,0,0,1,0,1867
1916,1921,80,64,"Pierre Bonnard (b. 1867, d. 1947)",Pierre Bonnard,0,0,1,0,1867
1924,1921,38,46,"Pierre Bonnard (b. 1867, d. 1947)",Pierre Bonnard,0,0,1,0,1867
1920,1912,42.5,65.4,"Pierre Bonnard (b. 1867, d. 1947)",Pierre Bonnard,0,0,1,0,1867
1912,1916,96,82,"Pierre Bonnard (b. 1867, d. 1947)",Pierre Bonnard,0,0,1,0,1867
1908,1924,60,43,"Pierre Bonnard (b. 1867, d. 1947)",Pierre Bonnard,0,0,1,0,1867
1904,1920,166,155.5,"Pierre Bonnard (b. 1867, d. 1947)",Pierre Bonnard,0,0,1,0,1867
1900,1912,78,77.5,"Pierre Bonnard (b. 1867, d. 1947)",Pierre Bonnard,0,0,1,0,1867
1899,1908,52,45.5,"Pierre Bonnard (b. 1867, d. 1947)",Pierre Bonnard,0,0,1,0,1867
1890,1904,37,46,"Pierre Bonnard (b. 1867, d. 1947)",Pierre Bonnard,0,0,1,0,1867
1906-1910,1900,115,72.3,"Pierre Bonnard (b. 1867, d. 1947)",Pierre Bonnard,0,0,1,0,1867
1898,1899,55.7,57.4,"Pierre Bonnard (b. 1867, d. 1947)",Pierre Bonnard,0,0,1,0,1867
1906-1910,1890,150,50,"Pierre Bonnard (b. 1867, d. 1947)",Pierre Bonnard,0,0,1,0,1867
1891,1908,247.5,297.5,"Pierre Bonnard (b. 1867, d. 1947)",Pierre Bonnard,0,0,1,0,1867
1900,1898,23.3,31.8,"Pierre Bonnard (b. 1867, d. 1947)",Pierre Bonnard,0,0,1,0,1867
1908,1908,248.6,298.3,"Pierre Bonnard (b. 1867, d. 1947)",Pierre Bonnard,0,0,1,0,1867
1894,1891,38.2,36.2,"Pierre Bonnard (b. 1867, d. 1947)",Pierre Bonnard,0,0,1,0,1867
1894,1900,139,212,"Pierre Bonnard (b. 1867, d. 1947)",Pierre Bonnard,0,0,1,0,1867
1930,1908,90,120.6,"Pierre Bonnard (b. 1867, d. 1947)",Pierre Bonnard,0,0,1,0,1867
1929,1894,167.5,51,"Pierre Bonnard (b. 1867, d. 1947)",Pierre Bonnard,0,0,1,0,1867
1923,1894,51.9,33.5,"Pierre Bonnard (b. 1867, d. 1947)",Pierre Bonnard,0,0,1,0,1867
1918,1930,36.4,43.2,"Pierre Bonnard (b. 1867, d. 1947)",Pierre Bonnard,0,0,1,0,1867
1918,1929,48,60,"Pierre Bonnard (b. 1867, d. 1947)",Pierre Bonnard,0,0,1,0,1867
1917,1923,46.5,42.5,"Pierre Bonnard (b. 1867, d. 1947)",Pierre Bonnard,0,0,1,0,1867
1917,1918,71,59,"Pierre Bonnard (b. 1867, d. 1947)",Pierre Bonnard,0,0,1,0,1867
1916,1918,85.3,74.5,"Pierre Bonnard (b. 1867, d. 1947)",Pierre Bonnard,0,0,1,0,1867
1912,1917,74.2,63.4,"Pierre Bonnard (b. 1867, d. 1947)",Pierre Bonnard,0,0,1,0,1867
1912,1917,40.2,61,"Pierre Bonnard (b. 1867, d. 1947)",Pierre Bonnard,0,0,1,0,1867
1912,1916,102.5,53.5,"Pierre Bonnard (b. 1867, d. 1947)",Pierre Bonnard,0,0,1,0,1867
1910,1912,65.6,50.5,"Pierre Bonnard (b. 1867, d. 1947)",Pierre Bonnard,0,0,1,0,1867
1906,1912,70.3,64.6,"Pierre Bonnard (b. 1867, d. 1947)",Pierre Bonnard,0,0,1,0,1867
1901,1912,36.2,35.4,"Pierre Bonnard (b. 1867, d. 1947)",Pierre Bonnard,0,0,1,0,1867
1899,1910,54,35.5,"Pierre Bonnard (b. 1867, d. 1947)",Pierre Bonnard,0,0,1,0,1867
1897,1906,44.5,37,"Pierre Bonnard (b. 1867, d. 1947)",Pierre Bonnard,0,0,1,0,1867
1896,1901,38.4,46.3,"Pierre Bonnard (b. 1867, d. 1947)",Pierre Bonnard,0,0,1,0,1867
1847-1867,1899,54,33.4,"Pierre Bonnard (b. 1867, d. 1947)",Pierre Bonnard,0,0,1,0,1867
1895,1897,30.2,30,"Pierre Bonnard (b. 1867, d. 1947)",Pierre Bonnard,0,0,1,0,1867
1894,1896,38.2,35.4,"Pierre Bonnard (b. 1867, d. 1947)",Pierre Bonnard,0,0,1,0,1867
1894,1857,35,50,"Pierre Bonnard (b. 1867, d. 1947)",Pierre Bonnard,0,0,1,0,1867
1893,1895,42,65,"Pierre Bonnard (b. 1867, d. 1947)",Pierre Bonnard,0,0,1,0,1867
1892,1894,47,56,"Pierre Bonnard (b. 1867, d. 1947)",Pierre Bonnard,0,0,1,0,1867
1892,1894,22,30,"Pierre Bonnard (b. 1867, d. 1947)",Pierre Bonnard,0,0,1,0,1867
1896,1893,24,17,"Pierre Bonnard (b. 1867, d. 1947)",Pierre Bonnard,0,0,1,0,1867
1916-1920,1892,24.5,9.5,"Pierre Bonnard (b. 1867, d. 1947)",Pierre Bonnard,0,0,1,0,1867
1932,1892,27.5,19,"Pierre Bonnard (b. 1867, d. 1947)",Pierre Bonnard,0,0,1,0,1867
1926,1896,28,36,"Pierre Bonnard (b. 1867, d. 1947)",Pierre Bonnard,0,0,1,0,1867
1927,1918,130,160,"Pierre Bonnard (b. 1867, d. 1947)",Pierre Bonnard,0,0,1,0,1867
1931,1932,96,100.7,"Pierre Bonnard (b. 1867, d. 1947)",Pierre Bonnard,0,0,1,0,1867
1921,1926,59.5,73,"Pierre Bonnard (b. 1867, d. 1947)",Pierre Bonnard,0,0,1,0,1867
1919,1927,233.6,233.6,"Pierre Bonnard (b. 1867, d. 1947)",Pierre Bonnard,0,0,1,0,1867
1911,1931,54,74.3,"Pierre Bonnard (b. 1867, d. 1947)",Pierre Bonnard,0,0,1,0,1867
1930,1921,73.5,88.3,"Pierre Bonnard (b. 1867, d. 1947)",Pierre Bonnard,0,0,1,0,1867
1892,1919,91,46,"Pierre Bonnard (b. 1867, d. 1947)",Pierre Bonnard,0,0,1,0,1867
1910-1912,1911,46,38,"Pierre Bonnard (b. 1867, d. 1947)",Pierre Bonnard,0,0,1,0,1867
1899,1930,108,95.5,"Pierre Bonnard (b. 1867, d. 1947)",Pierre Bonnard,0,0,1,0,1867
1891,1892,24.3,21.7,"Pierre Bonnard (b. 1867, d. 1947)",Pierre Bonnard,0,0,1,0,1867
1891,1911,43.3,63.2,"Pierre Bonnard (b. 1867, d. 1947)",Pierre Bonnard,0,0,1,0,1867
1891,1899,34,44.2,"Pierre Bonnard (b. 1867, d. 1947)",Pierre Bonnard,0,0,1,0,1867
1891,1891,160.3,48,"Pierre Bonnard (b. 1867, d. 1947)",Pierre Bonnard,0,0,1,0,1867
1892,1891,160.5,48,"Pierre Bonnard (b. 1867, d. 1947)",Pierre Bonnard,0,0,1,0,1867
1920-1921,1891,160.5,48,"Pierre Bonnard (b. 1867, d. 1947)",Pierre Bonnard,0,0,1,0,1867
1899-1900,1891,160.2,47.8,"Pierre Bonnard (b. 1867, d. 1947)",Pierre Bonnard,0,0,1,0,1867
1920,1892,130.5,162.2,"Pierre Bonnard (b. 1867, d. 1947)",Pierre Bonnard,0,0,1,0,1867
1902,1920,80,65,"Pierre Bonnard (b. 1867, d. 1947)",Pierre Bonnard,0,0,1,0,1867
1894-1895,1899,30.2,39.2,"Pierre Bonnard (b. 1867, d. 1947)",Pierre Bonnard,0,0,1,0,1867
1916-1920,1920,53,57,"Pierre Bonnard (b. 1867, d. 1947)",Pierre Bonnard,0,0,1,0,1867
1930,1902,95,77.5,"Pierre Bonnard (b. 1867, d. 1947)",Pierre Bonnard,0,0,1,0,1867
1939,1894,168,221,"Pierre Bonnard (b. 1867, d. 1947)",Pierre Bonnard,0,0,1,0,1867
1885-1886,1885,45.8,39,"Pierre-Auguste Renoir (b. 1841, d. 1919)",Auguste Renoir,1,0,0,0,1841
1879,1879,61.4,50.5,"Pierre-Auguste Renoir (b. 1841, d. 1919)",Auguste Renoir,1,0,0,0,1841
1881,1881,100.4,80.9,"Pierre-Auguste Renoir (b. 1841, d. 1919)",Auguste Renoir,1,0,0,0,1841
1883,1883,61.3,49.8,"Pierre-Auguste Renoir (b. 1841, d. 1919)",Auguste Renoir,1,0,0,0,1841
1881-1882,1881,54.8,65.8,"Pierre-Auguste Renoir (b. 1841, d. 1919)",Auguste Renoir,1,0,0,0,1841
1875-1876,1875,93,74,"Pierre-Auguste Renoir (b. 1841, d. 1919)",Auguste Renoir,1,0,0,0,1841
1899-1900,1899,55.4,46.3,"Pierre-Auguste Renoir (b. 1841, d. 1919)",Auguste Renoir,1,0,0,0,1841
1875,1875,55,65.9,"Pierre-Auguste Renoir (b. 1841, d. 1919)",Auguste Renoir,1,0,0,0,1841
1879,1879,131.2,99.2,"Pierre-Auguste Renoir (b. 1841, d. 1919)",Auguste Renoir,1,0,0,0,1841
1879-1880,1879,47.5,56.4,"Pierre-Auguste Renoir (b. 1841, d. 1919)",Auguste Renoir,1,0,0,0,1841
1914,1914,81.1,67.2,"Pierre-Auguste Renoir (b. 1841, d. 1919)",Auguste Renoir,1,0,0,0,1841
1879,1879,72.6,91.6,"Pierre-Auguste Renoir (b. 1841, d. 1919)",Auguste Renoir,1,0,0,0,1841
1877-1879,1878,80.8,56.5,"Pierre-Auguste Renoir (b. 1841, d. 1919)",Auguste Renoir,1,0,0,0,1841
1881,1881,51,65,"Pierre-Auguste Renoir (b. 1841, d. 1919)",Auguste Renoir,1,0,0,0,1841
1876,1876,66.2,54.8,"Pierre-Auguste Renoir (b. 1841, d. 1919)",Auguste Renoir,1,0,0,0,1841
1883,1883,81.2,65.3,"Pierre-Auguste Renoir (b. 1841, d. 1919)",Auguste Renoir,1,0,0,0,1841
1868,1868,41.5,33,"Pierre-Auguste Renoir (b. 1841, d. 1919)",Auguste Renoir,0,0,1,0,1841
1892,1892,50,40,"Pierre-Auguste Renoir (b. 1841, d. 1919)",Auguste Renoir,0,0,1,0,1841
1876,1876,92,73,"Pierre-Auguste Renoir (b. 1841, d. 1919)",Auguste Renoir,0,0,1,0,1841
1867,1867,105,73.5,"Pierre-Auguste Renoir (b. 1841, d. 1919)",Auguste Renoir,0,0,1,0,1841
1874-1876,1875,46.5,38.5,"Pierre-Auguste Renoir (b. 1841, d. 1919)",Auguste Renoir,0,0,1,0,1841
1887,1887,65.5,53.5,"Pierre-Auguste Renoir (b. 1841, d. 1919)",Auguste Renoir,0,0,1,0,1841
1885,1885,92,72,"Pierre-Auguste Renoir (b. 1841, d. 1919)",Auguste Renoir,0,0,1,0,1841
1868,1868,123.5,66,"Pierre-Auguste Renoir (b. 1841, d. 1919)",Auguste Renoir,0,0,1,0,1841
1880,1880,46.2,38.2,"Pierre-Auguste Renoir (b. 1841, d. 1919)",Auguste Renoir,0,0,1,0,1841
1907,1907,71,156,"Pierre-Auguste Renoir (b. 1841, d. 1919)",Auguste Renoir,0,0,1,0,1841
1910,1910,92,72.8,"Pierre-Auguste Renoir (b. 1841, d. 1919)",Auguste Renoir,0,0,1,0,1841
1918-1919,1918,110,160,"Pierre-Auguste Renoir (b. 1841, d. 1919)",Auguste Renoir,0,0,1,0,1841
1883,1883,180.3,90,"Pierre-Auguste Renoir (b. 1841, d. 1919)",Auguste Renoir,0,0,1,0,1841
1883,1883,179.7,89.1,"Pierre-Auguste Renoir (b. 1841, d. 1919)",Auguste Renoir,0,0,1,0,1841
1882,1882,51.3,44.7,"Pierre-Auguste Renoir (b. 1841, d. 1919)",Auguste Renoir,0,0,1,0,1841
1881,1881,51,63,"Pierre-Auguste Renoir (b. 1841, d. 1919)",Auguste Renoir,0,0,1,0,1841
1881,1881,73.5,92.5,"Pierre-Auguste Renoir (b. 1841, d. 1919)",Auguste Renoir,0,0,1,0,1841
1873,1873,66.5,81.5,"Pierre-Auguste Renoir (b. 1841, d. 1919)",Auguste Renoir,0,0,1,0,1841
1841-1919,1880,27,22.3,"Pierre-Auguste Renoir (b. 1841, d. 1919)",Auguste Renoir,0,0,1,0,1841
1841-1919,1880,46,56,"Pierre-Auguste Renoir (b. 1841, d. 1919)",Auguste Renoir,0,0,1,0,1841
1905,1905,27.5,39.5,"Pierre-Auguste Renoir (b. 1841, d. 1919)",Auguste Renoir,0,0,1,0,1841
1897,1897,40.5,32.5,"Pierre-Auguste Renoir (b. 1841, d. 1919)",Auguste Renoir,0,0,1,0,1841
1903-1905,1904,115,168,"Pierre-Auguste Renoir (b. 1841, d. 1919)",Auguste Renoir,0,0,1,0,1841
1903-1909,1906,46,36,"Pierre-Auguste Renoir (b. 1841, d. 1919)",Auguste Renoir,0,0,1,0,1841
1841-1919,1880,20.5,43.5,"Pierre-Auguste Renoir (b. 1841, d. 1919)",Auguste Renoir,0,0,1,0,1841
1890,1890,29.5,33,"Pierre-Auguste Renoir (b. 1841, d. 1919)",Auguste Renoir,0,0,1,0,1841
1886,1886,35,27,"Pierre-Auguste Renoir (b. 1841, d. 1919)",Auguste Renoir,0,0,1,0,1841
1910,1910,55,46,"Pierre-Auguste Renoir (b. 1841, d. 1919)",Auguste Renoir,0,0,1,0,1841
1913,1913,94,74,"Pierre-Auguste Renoir (b. 1841, d. 1919)",Auguste Renoir,0,0,1,0,1841
1909,1909,130,41,"Pierre-Auguste Renoir (b. 1841, d. 1919)",Auguste Renoir,0,0,1,0,1841
1879,1879,49.5,40,"Pierre-Auguste Renoir (b. 1841, d. 1919)",Auguste Renoir,0,0,1,0,1841
1895,1895,35.3,22.5,"Pierre-Auguste Renoir (b. 1841, d. 1919)",Auguste Renoir,0,0,1,0,1841
1841-1919,1880,22,33,"Pierre-Auguste Renoir (b. 1841, d. 1919)",Auguste Renoir,0,0,1,0,1841
1841-1919,1880,20,43,"Pierre-Auguste Renoir (b. 1841, d. 1919)",Auguste Renoir,0,0,1,0,1841
1841-1919,1880,23,32,"Pierre-Auguste Renoir (b. 1841, d. 1919)",Auguste Renoir,0,0,1,0,1841
1907,1907,38,50,"Pierre-Auguste Renoir (b. 1841, d. 1919)",Auguste Renoir,0,0,1,0,1841
1841-1919,1880,36,32,"Pierre-Auguste Renoir (b. 1841, d. 1919)",Auguste Renoir,0,0,1,0,1841
1895,1895,63,54,"Pierre-Auguste Renoir (b. 1841, d. 1919)",Auguste Renoir,0,0,1,0,1841
1875,1875,10,8.5,"Pierre-Auguste Renoir (b. 1841, d. 1919)",Auguste Renoir,0,0,1,0,1841
1910,1910,53,44.5,"Pierre-Auguste Renoir (b. 1841, d. 1919)",Auguste Renoir,0,0,1,0,1841
1901,1901,92,73,"Pierre-Auguste Renoir (b. 1841, d. 1919)",Auguste Renoir,0,0,1,0,1841
1866,1866,116,89.5,"Pierre-Auguste Renoir (b. 1841, d. 1919)",Auguste Renoir,0,0,1,0,1841
1841-1919,1880,38.5,46,"Pierre-Auguste Renoir (b. 1841, d. 1919)",Auguste Renoir,0,0,1,0,1841
1886,1886,35,27,"Pierre-Auguste Renoir (b. 1841, d. 1919)",Auguste Renoir,0,0,1,0,1841
1879,1879,73,93,"Pierre-Auguste Renoir (b. 1841, d. 1919)",Auguste Renoir,0,0,1,0,1841
1913,1913,65.2,54.5,"Pierre-Auguste Renoir (b. 1841, d. 1919)",Auguste Renoir,0,0,1,0,1841
1874,1874,183,123.7,"Pierre-Auguste Renoir (b. 1841, d. 1919)",Auguste Renoir,0,0,1,0,1841
1841-1919,1880,46,54.5,"Pierre-Auguste Renoir (b. 1841, d. 1919)",Auguste Renoir,0,0,1,0,1841
1911-1915,1813,46,38,"Pierre-Auguste Renoir (b. 1841, d. 1919)",Auguste Renoir,0,0,1,0,1841
1841-1919,1880,46.5,55.5,"Pierre-Auguste Renoir (b. 1841, d. 1919)",Auguste Renoir,0,0,1,0,1841
1908,1908,45,35,"Pierre-Auguste Renoir (b. 1841, d. 1919)",Auguste Renoir,0,0,1,0,1841
1894,1894,26.5,21,"Pierre-Auguste Renoir (b. 1841, d. 1919)",Auguste Renoir,0,0,1,0,1841
1915-1916,1915,25.7,20.4,"Pierre-Auguste Renoir (b. 1841, d. 1919)",Auguste Renoir,0,0,1,0,1841
1881,1881,54.5,65.5,"Pierre-Auguste Renoir (b. 1841, d. 1919)",Auguste Renoir,0,0,1,0,1841
1909,1909,40.5,50.3,"Pierre-Auguste Renoir (b. 1841, d. 1919)",Auguste Renoir,0,0,1,0,1841
1883,1883,46,56,"Pierre-Auguste Renoir (b. 1841, d. 1919)",Auguste Renoir,0,0,1,0,1841
1885,1885,75,54.5,"Pierre-Auguste Renoir (b. 1841, d. 1919)",Auguste Renoir,0,0,1,0,1841
1878,1878,46.5,38,"Pierre-Auguste Renoir (b. 1841, d. 1919)",Auguste Renoir,0,0,1,0,1841
1911,1911,55.5,47,"Pierre-Auguste Renoir (b. 1841, d. 1919)",Auguste Renoir,0,0,1,0,1841
1910,1910,81,65.4,"Pierre-Auguste Renoir (b. 1841, d. 1919)",Auguste Renoir,0,0,1,0,1841
1907-1908,1907,55,46.5,"Pierre-Auguste Renoir (b. 1841, d. 1919)",Auguste Renoir,0,0,1,0,1841
1915-1917,1916,50,53,"Pierre-Auguste Renoir (b. 1841, d. 1919)",Auguste Renoir,0,0,1,0,1841
1909,1909,65.4,55.5,"Pierre-Auguste Renoir (b. 1841, d. 1919)",Auguste Renoir,0,0,1,0,1841
1890,1890,35.5,27,"Pierre-Auguste Renoir (b. 1841, d. 1919)",Auguste Renoir,0,0,1,0,1841
1881,1881,65,81.5,"Pierre-Auguste Renoir (b. 1841, d. 1919)",Auguste Renoir,0,0,1,0,1841
1876,1876,46.2,38,"Pierre-Auguste Renoir (b. 1841, d. 1919)",Auguste Renoir,0,0,1,0,1841
1876-1877,1876,46,38,"Pierre-Auguste Renoir (b. 1841, d. 1919)",Auguste Renoir,0,0,1,0,1841
1868,1868,48,40,"Pierre-Auguste Renoir (b. 1841, d. 1919)",Auguste Renoir,0,0,1,0,1841
1876,1876,54.6,66,"Pierre-Auguste Renoir (b. 1841, d. 1919)",Auguste Renoir,0,0,1,0,1841
1870,1870,61.3,50.8,"Pierre-Auguste Renoir (b. 1841, d. 1919)",Auguste Renoir,0,0,1,0,1841
1876-1877,1876,60,74,"Pierre-Auguste Renoir (b. 1841, d. 1919)",Auguste Renoir,0,0,1,0,1841
1875-1876,1875,81,65,"Pierre-Auguste Renoir (b. 1841, d. 1919)",Auguste Renoir,0,0,1,0,1841
1880,1880,46,37.7,"Pierre-Auguste Renoir (b. 1841, d. 1919)",Auguste Renoir,0,0,1,0,1841
1874,1874,42.8,29.2,"Pierre-Auguste Renoir (b. 1841, d. 1919)",Auguste Renoir,0,0,1,0,1841
1873,1873,46,65.5,"Pierre-Auguste Renoir (b. 1841, d. 1919)",Auguste Renoir,0,0,1,0,1841
1864,1864,81.5,65.5,"Pierre-Auguste Renoir (b. 1841, d. 1919)",Auguste Renoir,0,0,1,0,1841
1879,1879,18.8,14.2,"Pierre-Auguste Renoir (b. 1841, d. 1919)",Auguste Renoir,0,0,1,0,1841
1892,1892,116,90,"Pierre-Auguste Renoir (b. 1841, d. 1919)",Auguste Renoir,0,0,1,0,1841
1876,1876,131.5,176.5,"Pierre-Auguste Renoir (b. 1841, d. 1919)",Auguste Renoir,0,0,1,0,1841
1875,1875,84,60.5,"Pierre-Auguste Renoir (b. 1841, d. 1919)",Auguste Renoir,0,0,1,0,1841
1872,1872,29.5,25,"Pierre-Auguste Renoir (b. 1841, d. 1919)",Auguste Renoir,0,0,1,0,1841
1869,1869,46.5,39,"Pierre-Auguste Renoir (b. 1841, d. 1919)",Auguste Renoir,0,0,1,0,1841
1869,1869,47,64.5,"Pierre-Auguste Renoir (b. 1841, d. 1919)",Auguste Renoir,0,0,1,0,1841
1892-1940,1928,65.1,53.7,"Raoul Dufy (b. 1877, d. 1953)",Raoul Dufy,1,0,0,0,1877
early 1920s,1917,160.7,128.6,"Robert Delaunay (b. 1885, d. 1941)",Robert Delaunay,1,0,0,0,1885
early 1920s,1908,81.3,100.3,"Robert Delaunay (b. 1885, d. 1941)",Robert Delaunay,1,0,0,0,1885
1949,1949,35.6,45.7,"Robert Motherwell (b. 1915, d. 1991)",,1,0,0,0,1915
1944,1944,137.2,170.5,"Robert Motherwell (b. 1915, d. 1991)",,1,0,0,0,1915
1950,1950,205.7,254.6,"Willem de Kooning (b. 1904, d. 1997)",,1,0,0,0,1904
1975,1975,195.6,223.5,"Willem de Kooning (b. 1904, d. 1997)",,1,0,0,0,1904
1948-1949,1948,92.1,123.8,"Willem de Kooning (b. 1904, d. 1997)",,1,0,0,0,1904
1951,1951,76,63.6,"Yves Tanguy (b. 1900, d. 1955)",Yves Tanguy,1,0,0,0,1900
1945,1945,127,101.6,"Yves Tanguy (b. 1900, d. 1955)",Yves Tanguy,1,0,0,0,1900
1928,1928,200,59.7,"Yves Tanguy (b. 1900, d. 1955)",Yves Tanguy,1,0,0,0,1900
1940,1940,91.2,71.3,"Yves Tanguy (b. 1900, d. 1955)",Yves Tanguy,1,0,0,0,1900
